PassengerId,Survived,Pclass,sex_no,Age,SibSp,Parch,Fare,Em_no
1.00 ,0.00 ,3.00 ,1.00 ,22.00 ,1.00 ,0.00 ,7.25 ,2.00 
2.00 ,1.00 ,1.00 ,0.00 ,38.00 ,1.00 ,0.00 ,71.28 ,0.00 
3.00 ,1.00 ,3.00 ,0.00 ,26.00 ,0.00 ,0.00 ,7.93 ,2.00 
4.00 ,1.00 ,1.00 ,0.00 ,35.00 ,1.00 ,0.00 ,53.10 ,2.00 
5.00 ,0.00 ,3.00 ,1.00 ,35.00 ,0.00 ,0.00 ,8.05 ,2.00 
6.00 ,0.00 ,3.00 ,1.00 ,,0.00 ,0.00 ,8.46 ,1.00 
7.00 ,0.00 ,1.00 ,1.00 ,54.00 ,0.00 ,0.00 ,51.86 ,2.00 
8.00 ,0.00 ,3.00 ,1.00 ,2.00 ,3.00 ,1.00 ,21.08 ,2.00 
9.00 ,1.00 ,3.00 ,0.00 ,27.00 ,0.00 ,2.00 ,11.13 ,2.00 
10.00 ,1.00 ,2.00 ,0.00 ,14.00 ,1.00 ,0.00 ,30.07 ,0.00 
11.00 ,1.00 ,3.00 ,0.00 ,4.00 ,1.00 ,1.00 ,16.70 ,2.00 
12.00 ,1.00 ,1.00 ,0.00 ,58.00 ,0.00 ,0.00 ,26.55 ,2.00 
13.00 ,0.00 ,3.00 ,1.00 ,20.00 ,0.00 ,0.00 ,8.05 ,2.00 
14.00 ,0.00 ,3.00 ,1.00 ,39.00 ,1.00 ,5.00 ,31.28 ,2.00 
15.00 ,0.00 ,3.00 ,0.00 ,14.00 ,0.00 ,0.00 ,7.85 ,2.00 
16.00 ,1.00 ,2.00 ,0.00 ,55.00 ,0.00 ,0.00 ,16.00 ,2.00 
17.00 ,0.00 ,3.00 ,1.00 ,2.00 ,4.00 ,1.00 ,29.13 ,1.00 
18.00 ,1.00 ,2.00 ,1.00 ,,0.00 ,0.00 ,13.00 ,2.00 
19.00 ,0.00 ,3.00 ,0.00 ,31.00 ,1.00 ,0.00 ,18.00 ,2.00 
20.00 ,1.00 ,3.00 ,0.00 ,,0.00 ,0.00 ,7.23 ,0.00 
21.00 ,0.00 ,2.00 ,1.00 ,35.00 ,0.00 ,0.00 ,26.00 ,2.00 
22.00 ,1.00 ,2.00 ,1.00 ,34.00 ,0.00 ,0.00 ,13.00 ,2.00 
23.00 ,1.00 ,3.00 ,0.00 ,15.00 ,0.00 ,0.00 ,8.03 ,1.00 
24.00 ,1.00 ,1.00 ,1.00 ,28.00 ,0.00 ,0.00 ,35.50 ,2.00 
25.00 ,0.00 ,3.00 ,0.00 ,8.00 ,3.00 ,1.00 ,21.08 ,2.00 
26.00 ,1.00 ,3.00 ,0.00 ,38.00 ,1.00 ,5.00 ,31.39 ,2.00 
27.00 ,0.00 ,3.00 ,1.00 ,,0.00 ,0.00 ,7.23 ,0.00 
28.00 ,0.00 ,1.00 ,1.00 ,19.00 ,3.00 ,2.00 ,263.00 ,2.00 
29.00 ,1.00 ,3.00 ,0.00 ,,0.00 ,0.00 ,7.88 ,1.00 
30.00 ,0.00 ,3.00 ,1.00 ,,0.00 ,0.00 ,7.90 ,2.00 
31.00 ,0.00 ,1.00 ,1.00 ,40.00 ,0.00 ,0.00 ,27.72 ,0.00 
32.00 ,1.00 ,1.00 ,0.00 ,,1.00 ,0.00 ,146.52 ,0.00 
33.00 ,1.00 ,3.00 ,0.00 ,,0.00 ,0.00 ,7.75 ,1.00 
34.00 ,0.00 ,2.00 ,1.00 ,66.00 ,0.00 ,0.00 ,10.50 ,2.00 
35.00 ,0.00 ,1.00 ,1.00 ,28.00 ,1.00 ,0.00 ,82.17 ,0.00 
36.00 ,0.00 ,1.00 ,1.00 ,42.00 ,1.00 ,0.00 ,52.00 ,2.00 
37.00 ,1.00 ,3.00 ,1.00 ,,0.00 ,0.00 ,7.23 ,0.00 
38.00 ,0.00 ,3.00 ,1.00 ,21.00 ,0.00 ,0.00 ,8.05 ,2.00 
39.00 ,0.00 ,3.00 ,0.00 ,18.00 ,2.00 ,0.00 ,18.00 ,2.00 
40.00 ,1.00 ,3.00 ,0.00 ,14.00 ,1.00 ,0.00 ,11.24 ,0.00 
41.00 ,0.00 ,3.00 ,0.00 ,40.00 ,1.00 ,0.00 ,9.48 ,2.00 
42.00 ,0.00 ,2.00 ,0.00 ,27.00 ,1.00 ,0.00 ,21.00 ,2.00 
43.00 ,0.00 ,3.00 ,1.00 ,,0.00 ,0.00 ,7.90 ,0.00 
44.00 ,1.00 ,2.00 ,0.00 ,3.00 ,1.00 ,2.00 ,41.58 ,0.00 
45.00 ,1.00 ,3.00 ,0.00 ,19.00 ,0.00 ,0.00 ,7.88 ,1.00 
46.00 ,0.00 ,3.00 ,1.00 ,,0.00 ,0.00 ,8.05 ,2.00 
47.00 ,0.00 ,3.00 ,1.00 ,,1.00 ,0.00 ,15.50 ,1.00 
48.00 ,1.00 ,3.00 ,0.00 ,,0.00 ,0.00 ,7.75 ,1.00 
49.00 ,0.00 ,3.00 ,1.00 ,,2.00 ,0.00 ,21.68 ,0.00 
50.00 ,0.00 ,3.00 ,0.00 ,18.00 ,1.00 ,0.00 ,17.80 ,2.00 
51.00 ,0.00 ,3.00 ,1.00 ,7.00 ,4.00 ,1.00 ,39.69 ,2.00 
52.00 ,0.00 ,3.00 ,1.00 ,21.00 ,0.00 ,0.00 ,7.80 ,2.00 
53.00 ,1.00 ,1.00 ,0.00 ,49.00 ,1.00 ,0.00 ,76.73 ,0.00 
54.00 ,1.00 ,2.00 ,0.00 ,29.00 ,1.00 ,0.00 ,26.00 ,2.00 
55.00 ,0.00 ,1.00 ,1.00 ,65.00 ,0.00 ,1.00 ,61.98 ,0.00 
56.00 ,1.00 ,1.00 ,1.00 ,,0.00 ,0.00 ,35.50 ,2.00 
57.00 ,1.00 ,2.00 ,0.00 ,21.00 ,0.00 ,0.00 ,10.50 ,2.00 
58.00 ,0.00 ,3.00 ,1.00 ,28.50 ,0.00 ,0.00 ,7.23 ,0.00 
59.00 ,1.00 ,2.00 ,0.00 ,5.00 ,1.00 ,2.00 ,27.75 ,2.00 
60.00 ,0.00 ,3.00 ,1.00 ,11.00 ,5.00 ,2.00 ,46.90 ,2.00 
61.00 ,0.00 ,3.00 ,1.00 ,22.00 ,0.00 ,0.00 ,7.23 ,0.00 
62.00 ,1.00 ,1.00 ,0.00 ,38.00 ,0.00 ,0.00 ,80.00 ,
63.00 ,0.00 ,1.00 ,1.00 ,45.00 ,1.00 ,0.00 ,83.48 ,2.00 
64.00 ,0.00 ,3.00 ,1.00 ,4.00 ,3.00 ,2.00 ,27.90 ,2.00 
65.00 ,0.00 ,1.00 ,1.00 ,,0.00 ,0.00 ,27.72 ,0.00 
66.00 ,1.00 ,3.00 ,1.00 ,,1.00 ,1.00 ,15.25 ,0.00 
67.00 ,1.00 ,2.00 ,0.00 ,29.00 ,0.00 ,0.00 ,10.50 ,2.00 
68.00 ,0.00 ,3.00 ,1.00 ,19.00 ,0.00 ,0.00 ,8.16 ,2.00 
69.00 ,1.00 ,3.00 ,0.00 ,17.00 ,4.00 ,2.00 ,7.93 ,2.00 
70.00 ,0.00 ,3.00 ,1.00 ,26.00 ,2.00 ,0.00 ,8.66 ,2.00 
71.00 ,0.00 ,2.00 ,1.00 ,32.00 ,0.00 ,0.00 ,10.50 ,2.00 
72.00 ,0.00 ,3.00 ,0.00 ,16.00 ,5.00 ,2.00 ,46.90 ,2.00 
73.00 ,0.00 ,2.00 ,1.00 ,21.00 ,0.00 ,0.00 ,73.50 ,2.00 
74.00 ,0.00 ,3.00 ,1.00 ,26.00 ,1.00 ,0.00 ,14.45 ,0.00 
75.00 ,1.00 ,3.00 ,1.00 ,32.00 ,0.00 ,0.00 ,56.50 ,2.00 
76.00 ,0.00 ,3.00 ,1.00 ,25.00 ,0.00 ,0.00 ,7.65 ,2.00 
77.00 ,0.00 ,3.00 ,1.00 ,,0.00 ,0.00 ,7.90 ,2.00 
78.00 ,0.00 ,3.00 ,1.00 ,,0.00 ,0.00 ,8.05 ,2.00 
79.00 ,1.00 ,2.00 ,1.00 ,0.83 ,0.00 ,2.00 ,29.00 ,2.00 
80.00 ,1.00 ,3.00 ,0.00 ,30.00 ,0.00 ,0.00 ,12.48 ,2.00 
81.00 ,0.00 ,3.00 ,1.00 ,22.00 ,0.00 ,0.00 ,9.00 ,2.00 
82.00 ,1.00 ,3.00 ,1.00 ,29.00 ,0.00 ,0.00 ,9.50 ,2.00 
83.00 ,1.00 ,3.00 ,0.00 ,,0.00 ,0.00 ,7.79 ,1.00 
84.00 ,0.00 ,1.00 ,1.00 ,28.00 ,0.00 ,0.00 ,47.10 ,2.00 
85.00 ,1.00 ,2.00 ,0.00 ,17.00 ,0.00 ,0.00 ,10.50 ,2.00 
86.00 ,1.00 ,3.00 ,0.00 ,33.00 ,3.00 ,0.00 ,15.85 ,2.00 
87.00 ,0.00 ,3.00 ,1.00 ,16.00 ,1.00 ,3.00 ,34.38 ,2.00 
88.00 ,0.00 ,3.00 ,1.00 ,,0.00 ,0.00 ,8.05 ,2.00 
89.00 ,1.00 ,1.00 ,0.00 ,23.00 ,3.00 ,2.00 ,263.00 ,2.00 
90.00 ,0.00 ,3.00 ,1.00 ,24.00 ,0.00 ,0.00 ,8.05 ,2.00 
91.00 ,0.00 ,3.00 ,1.00 ,29.00 ,0.00 ,0.00 ,8.05 ,2.00 
92.00 ,0.00 ,3.00 ,1.00 ,20.00 ,0.00 ,0.00 ,7.85 ,2.00 
93.00 ,0.00 ,1.00 ,1.00 ,46.00 ,1.00 ,0.00 ,61.18 ,2.00 
94.00 ,0.00 ,3.00 ,1.00 ,26.00 ,1.00 ,2.00 ,20.58 ,2.00 
95.00 ,0.00 ,3.00 ,1.00 ,59.00 ,0.00 ,0.00 ,7.25 ,2.00 
96.00 ,0.00 ,3.00 ,1.00 ,,0.00 ,0.00 ,8.05 ,2.00 
97.00 ,0.00 ,1.00 ,1.00 ,71.00 ,0.00 ,0.00 ,34.65 ,0.00 
98.00 ,1.00 ,1.00 ,1.00 ,23.00 ,0.00 ,1.00 ,63.36 ,0.00 
99.00 ,1.00 ,2.00 ,0.00 ,34.00 ,0.00 ,1.00 ,23.00 ,2.00 
100.00 ,0.00 ,2.00 ,1.00 ,34.00 ,1.00 ,0.00 ,26.00 ,2.00 
101.00 ,0.00 ,3.00 ,0.00 ,28.00 ,0.00 ,0.00 ,7.90 ,2.00 
102.00 ,0.00 ,3.00 ,1.00 ,,0.00 ,0.00 ,7.90 ,2.00 
103.00 ,0.00 ,1.00 ,1.00 ,21.00 ,0.00 ,1.00 ,77.29 ,2.00 
104.00 ,0.00 ,3.00 ,1.00 ,33.00 ,0.00 ,0.00 ,8.65 ,2.00 
105.00 ,0.00 ,3.00 ,1.00 ,37.00 ,2.00 ,0.00 ,7.93 ,2.00 
106.00 ,0.00 ,3.00 ,1.00 ,28.00 ,0.00 ,0.00 ,7.90 ,2.00 
107.00 ,1.00 ,3.00 ,0.00 ,21.00 ,0.00 ,0.00 ,7.65 ,2.00 
108.00 ,1.00 ,3.00 ,1.00 ,,0.00 ,0.00 ,7.78 ,2.00 
109.00 ,0.00 ,3.00 ,1.00 ,38.00 ,0.00 ,0.00 ,7.90 ,2.00 
110.00 ,1.00 ,3.00 ,0.00 ,,1.00 ,0.00 ,24.15 ,1.00 
111.00 ,0.00 ,1.00 ,1.00 ,47.00 ,0.00 ,0.00 ,52.00 ,2.00 
112.00 ,0.00 ,3.00 ,0.00 ,14.50 ,1.00 ,0.00 ,14.45 ,0.00 
113.00 ,0.00 ,3.00 ,1.00 ,22.00 ,0.00 ,0.00 ,8.05 ,2.00 
114.00 ,0.00 ,3.00 ,0.00 ,20.00 ,1.00 ,0.00 ,9.83 ,2.00 
115.00 ,0.00 ,3.00 ,0.00 ,17.00 ,0.00 ,0.00 ,14.46 ,0.00 
116.00 ,0.00 ,3.00 ,1.00 ,21.00 ,0.00 ,0.00 ,7.93 ,2.00 
117.00 ,0.00 ,3.00 ,1.00 ,70.50 ,0.00 ,0.00 ,7.75 ,1.00 
118.00 ,0.00 ,2.00 ,1.00 ,29.00 ,1.00 ,0.00 ,21.00 ,2.00 
119.00 ,0.00 ,1.00 ,1.00 ,24.00 ,0.00 ,1.00 ,247.52 ,0.00 
120.00 ,0.00 ,3.00 ,0.00 ,2.00 ,4.00 ,2.00 ,31.28 ,2.00 
121.00 ,0.00 ,2.00 ,1.00 ,21.00 ,2.00 ,0.00 ,73.50 ,2.00 
122.00 ,0.00 ,3.00 ,1.00 ,,0.00 ,0.00 ,8.05 ,2.00 
123.00 ,0.00 ,2.00 ,1.00 ,32.50 ,1.00 ,0.00 ,30.07 ,0.00 
124.00 ,1.00 ,2.00 ,0.00 ,32.50 ,0.00 ,0.00 ,13.00 ,2.00 
125.00 ,0.00 ,1.00 ,1.00 ,54.00 ,0.00 ,1.00 ,77.29 ,2.00 
126.00 ,1.00 ,3.00 ,1.00 ,12.00 ,1.00 ,0.00 ,11.24 ,0.00 
127.00 ,0.00 ,3.00 ,1.00 ,,0.00 ,0.00 ,7.75 ,1.00 
128.00 ,1.00 ,3.00 ,1.00 ,24.00 ,0.00 ,0.00 ,7.14 ,2.00 
129.00 ,1.00 ,3.00 ,0.00 ,,1.00 ,1.00 ,22.36 ,0.00 
130.00 ,0.00 ,3.00 ,1.00 ,45.00 ,0.00 ,0.00 ,6.98 ,2.00 
131.00 ,0.00 ,3.00 ,1.00 ,33.00 ,0.00 ,0.00 ,7.90 ,0.00 
132.00 ,0.00 ,3.00 ,1.00 ,20.00 ,0.00 ,0.00 ,7.05 ,2.00 
133.00 ,0.00 ,3.00 ,0.00 ,47.00 ,1.00 ,0.00 ,14.50 ,2.00 
134.00 ,1.00 ,2.00 ,0.00 ,29.00 ,1.00 ,0.00 ,26.00 ,2.00 
135.00 ,0.00 ,2.00 ,1.00 ,25.00 ,0.00 ,0.00 ,13.00 ,2.00 
136.00 ,0.00 ,2.00 ,1.00 ,23.00 ,0.00 ,0.00 ,15.05 ,0.00 
137.00 ,1.00 ,1.00 ,0.00 ,19.00 ,0.00 ,2.00 ,26.28 ,2.00 
138.00 ,0.00 ,1.00 ,1.00 ,37.00 ,1.00 ,0.00 ,53.10 ,2.00 
139.00 ,0.00 ,3.00 ,1.00 ,16.00 ,0.00 ,0.00 ,9.22 ,2.00 
140.00 ,0.00 ,1.00 ,1.00 ,24.00 ,0.00 ,0.00 ,79.20 ,0.00 
141.00 ,0.00 ,3.00 ,0.00 ,,0.00 ,2.00 ,15.25 ,0.00 
142.00 ,1.00 ,3.00 ,0.00 ,22.00 ,0.00 ,0.00 ,7.75 ,2.00 
143.00 ,1.00 ,3.00 ,0.00 ,24.00 ,1.00 ,0.00 ,15.85 ,2.00 
144.00 ,0.00 ,3.00 ,1.00 ,19.00 ,0.00 ,0.00 ,6.75 ,1.00 
145.00 ,0.00 ,2.00 ,1.00 ,18.00 ,0.00 ,0.00 ,11.50 ,2.00 
146.00 ,0.00 ,2.00 ,1.00 ,19.00 ,1.00 ,1.00 ,36.75 ,2.00 
147.00 ,1.00 ,3.00 ,1.00 ,27.00 ,0.00 ,0.00 ,7.80 ,2.00 
148.00 ,0.00 ,3.00 ,0.00 ,9.00 ,2.00 ,2.00 ,34.38 ,2.00 
149.00 ,0.00 ,2.00 ,1.00 ,36.50 ,0.00 ,2.00 ,26.00 ,2.00 
150.00 ,0.00 ,2.00 ,1.00 ,42.00 ,0.00 ,0.00 ,13.00 ,2.00 
151.00 ,0.00 ,2.00 ,1.00 ,51.00 ,0.00 ,0.00 ,12.53 ,2.00 
152.00 ,1.00 ,1.00 ,0.00 ,22.00 ,1.00 ,0.00 ,66.60 ,2.00 
153.00 ,0.00 ,3.00 ,1.00 ,55.50 ,0.00 ,0.00 ,8.05 ,2.00 
154.00 ,0.00 ,3.00 ,1.00 ,40.50 ,0.00 ,2.00 ,14.50 ,2.00 
155.00 ,0.00 ,3.00 ,1.00 ,,0.00 ,0.00 ,7.31 ,2.00 
156.00 ,0.00 ,1.00 ,1.00 ,51.00 ,0.00 ,1.00 ,61.38 ,0.00 
157.00 ,1.00 ,3.00 ,0.00 ,16.00 ,0.00 ,0.00 ,7.73 ,1.00 
158.00 ,0.00 ,3.00 ,1.00 ,30.00 ,0.00 ,0.00 ,8.05 ,2.00 
159.00 ,0.00 ,3.00 ,1.00 ,,0.00 ,0.00 ,8.66 ,2.00 
160.00 ,0.00 ,3.00 ,1.00 ,,8.00 ,2.00 ,69.55 ,2.00 
161.00 ,0.00 ,3.00 ,1.00 ,44.00 ,0.00 ,1.00 ,16.10 ,2.00 
162.00 ,1.00 ,2.00 ,0.00 ,40.00 ,0.00 ,0.00 ,15.75 ,2.00 
163.00 ,0.00 ,3.00 ,1.00 ,26.00 ,0.00 ,0.00 ,7.78 ,2.00 
164.00 ,0.00 ,3.00 ,1.00 ,17.00 ,0.00 ,0.00 ,8.66 ,2.00 
165.00 ,0.00 ,3.00 ,1.00 ,1.00 ,4.00 ,1.00 ,39.69 ,2.00 
166.00 ,1.00 ,3.00 ,1.00 ,9.00 ,0.00 ,2.00 ,20.53 ,2.00 
167.00 ,1.00 ,1.00 ,0.00 ,,0.00 ,1.00 ,55.00 ,2.00 
168.00 ,0.00 ,3.00 ,0.00 ,45.00 ,1.00 ,4.00 ,27.90 ,2.00 
169.00 ,0.00 ,1.00 ,1.00 ,,0.00 ,0.00 ,25.93 ,2.00 
170.00 ,0.00 ,3.00 ,1.00 ,28.00 ,0.00 ,0.00 ,56.50 ,2.00 
171.00 ,0.00 ,1.00 ,1.00 ,61.00 ,0.00 ,0.00 ,33.50 ,2.00 
172.00 ,0.00 ,3.00 ,1.00 ,4.00 ,4.00 ,1.00 ,29.13 ,1.00 
173.00 ,1.00 ,3.00 ,0.00 ,1.00 ,1.00 ,1.00 ,11.13 ,2.00 
174.00 ,0.00 ,3.00 ,1.00 ,21.00 ,0.00 ,0.00 ,7.93 ,2.00 
175.00 ,0.00 ,1.00 ,1.00 ,56.00 ,0.00 ,0.00 ,30.70 ,0.00 
176.00 ,0.00 ,3.00 ,1.00 ,18.00 ,1.00 ,1.00 ,7.85 ,2.00 
177.00 ,0.00 ,3.00 ,1.00 ,,3.00 ,1.00 ,25.47 ,2.00 
178.00 ,0.00 ,1.00 ,0.00 ,50.00 ,0.00 ,0.00 ,28.71 ,0.00 
179.00 ,0.00 ,2.00 ,1.00 ,30.00 ,0.00 ,0.00 ,13.00 ,2.00 
180.00 ,0.00 ,3.00 ,1.00 ,36.00 ,0.00 ,0.00 ,0.00 ,2.00 
181.00 ,0.00 ,3.00 ,0.00 ,,8.00 ,2.00 ,69.55 ,2.00 
182.00 ,0.00 ,2.00 ,1.00 ,,0.00 ,0.00 ,15.05 ,0.00 
183.00 ,0.00 ,3.00 ,1.00 ,9.00 ,4.00 ,2.00 ,31.39 ,2.00 
184.00 ,1.00 ,2.00 ,1.00 ,1.00 ,2.00 ,1.00 ,39.00 ,2.00 
185.00 ,1.00 ,3.00 ,0.00 ,4.00 ,0.00 ,2.00 ,22.03 ,2.00 
186.00 ,0.00 ,1.00 ,1.00 ,,0.00 ,0.00 ,50.00 ,2.00 
187.00 ,1.00 ,3.00 ,0.00 ,,1.00 ,0.00 ,15.50 ,1.00 
188.00 ,1.00 ,1.00 ,1.00 ,45.00 ,0.00 ,0.00 ,26.55 ,2.00 
189.00 ,0.00 ,3.00 ,1.00 ,40.00 ,1.00 ,1.00 ,15.50 ,1.00 
190.00 ,0.00 ,3.00 ,1.00 ,36.00 ,0.00 ,0.00 ,7.90 ,2.00 
191.00 ,1.00 ,2.00 ,0.00 ,32.00 ,0.00 ,0.00 ,13.00 ,2.00 
192.00 ,0.00 ,2.00 ,1.00 ,19.00 ,0.00 ,0.00 ,13.00 ,2.00 
193.00 ,1.00 ,3.00 ,0.00 ,19.00 ,1.00 ,0.00 ,7.85 ,2.00 
194.00 ,1.00 ,2.00 ,1.00 ,3.00 ,1.00 ,1.00 ,26.00 ,2.00 
195.00 ,1.00 ,1.00 ,0.00 ,44.00 ,0.00 ,0.00 ,27.72 ,0.00 
196.00 ,1.00 ,1.00 ,0.00 ,58.00 ,0.00 ,0.00 ,146.52 ,0.00 
197.00 ,0.00 ,3.00 ,1.00 ,,0.00 ,0.00 ,7.75 ,1.00 
198.00 ,0.00 ,3.00 ,1.00 ,42.00 ,0.00 ,1.00 ,8.40 ,2.00 
199.00 ,1.00 ,3.00 ,0.00 ,,0.00 ,0.00 ,7.75 ,1.00 
200.00 ,0.00 ,2.00 ,0.00 ,24.00 ,0.00 ,0.00 ,13.00 ,2.00 
201.00 ,0.00 ,3.00 ,1.00 ,28.00 ,0.00 ,0.00 ,9.50 ,2.00 
202.00 ,0.00 ,3.00 ,1.00 ,,8.00 ,2.00 ,69.55 ,2.00 
203.00 ,0.00 ,3.00 ,1.00 ,34.00 ,0.00 ,0.00 ,6.50 ,2.00 
204.00 ,0.00 ,3.00 ,1.00 ,45.50 ,0.00 ,0.00 ,7.23 ,0.00 
205.00 ,1.00 ,3.00 ,1.00 ,18.00 ,0.00 ,0.00 ,8.05 ,2.00 
206.00 ,0.00 ,3.00 ,0.00 ,2.00 ,0.00 ,1.00 ,10.46 ,2.00 
207.00 ,0.00 ,3.00 ,1.00 ,32.00 ,1.00 ,0.00 ,15.85 ,2.00 
208.00 ,1.00 ,3.00 ,1.00 ,26.00 ,0.00 ,0.00 ,18.79 ,0.00 
209.00 ,1.00 ,3.00 ,0.00 ,16.00 ,0.00 ,0.00 ,7.75 ,1.00 
210.00 ,1.00 ,1.00 ,1.00 ,40.00 ,0.00 ,0.00 ,31.00 ,0.00 
211.00 ,0.00 ,3.00 ,1.00 ,24.00 ,0.00 ,0.00 ,7.05 ,2.00 
212.00 ,1.00 ,2.00 ,0.00 ,35.00 ,0.00 ,0.00 ,21.00 ,2.00 
213.00 ,0.00 ,3.00 ,1.00 ,22.00 ,0.00 ,0.00 ,7.25 ,2.00 
214.00 ,0.00 ,2.00 ,1.00 ,30.00 ,0.00 ,0.00 ,13.00 ,2.00 
215.00 ,0.00 ,3.00 ,1.00 ,,1.00 ,0.00 ,7.75 ,1.00 
216.00 ,1.00 ,1.00 ,0.00 ,31.00 ,1.00 ,0.00 ,113.28 ,0.00 
217.00 ,1.00 ,3.00 ,0.00 ,27.00 ,0.00 ,0.00 ,7.93 ,2.00 
218.00 ,0.00 ,2.00 ,1.00 ,42.00 ,1.00 ,0.00 ,27.00 ,2.00 
219.00 ,1.00 ,1.00 ,0.00 ,32.00 ,0.00 ,0.00 ,76.29 ,0.00 
220.00 ,0.00 ,2.00 ,1.00 ,30.00 ,0.00 ,0.00 ,10.50 ,2.00 
221.00 ,1.00 ,3.00 ,1.00 ,16.00 ,0.00 ,0.00 ,8.05 ,2.00 
222.00 ,0.00 ,2.00 ,1.00 ,27.00 ,0.00 ,0.00 ,13.00 ,2.00 
223.00 ,0.00 ,3.00 ,1.00 ,51.00 ,0.00 ,0.00 ,8.05 ,2.00 
224.00 ,0.00 ,3.00 ,1.00 ,,0.00 ,0.00 ,7.90 ,2.00 
225.00 ,1.00 ,1.00 ,1.00 ,38.00 ,1.00 ,0.00 ,90.00 ,2.00 
226.00 ,0.00 ,3.00 ,1.00 ,22.00 ,0.00 ,0.00 ,9.35 ,2.00 
227.00 ,1.00 ,2.00 ,1.00 ,19.00 ,0.00 ,0.00 ,10.50 ,2.00 
228.00 ,0.00 ,3.00 ,1.00 ,20.50 ,0.00 ,0.00 ,7.25 ,2.00 
229.00 ,0.00 ,2.00 ,1.00 ,18.00 ,0.00 ,0.00 ,13.00 ,2.00 
230.00 ,0.00 ,3.00 ,0.00 ,,3.00 ,1.00 ,25.47 ,2.00 
231.00 ,1.00 ,1.00 ,0.00 ,35.00 ,1.00 ,0.00 ,83.48 ,2.00 
232.00 ,0.00 ,3.00 ,1.00 ,29.00 ,0.00 ,0.00 ,7.78 ,2.00 
233.00 ,0.00 ,2.00 ,1.00 ,59.00 ,0.00 ,0.00 ,13.50 ,2.00 
234.00 ,1.00 ,3.00 ,0.00 ,5.00 ,4.00 ,2.00 ,31.39 ,2.00 
235.00 ,0.00 ,2.00 ,1.00 ,24.00 ,0.00 ,0.00 ,10.50 ,2.00 
236.00 ,0.00 ,3.00 ,0.00 ,,0.00 ,0.00 ,7.55 ,2.00 
237.00 ,0.00 ,2.00 ,1.00 ,44.00 ,1.00 ,0.00 ,26.00 ,2.00 
238.00 ,1.00 ,2.00 ,0.00 ,8.00 ,0.00 ,2.00 ,26.25 ,2.00 
239.00 ,0.00 ,2.00 ,1.00 ,19.00 ,0.00 ,0.00 ,10.50 ,2.00 
240.00 ,0.00 ,2.00 ,1.00 ,33.00 ,0.00 ,0.00 ,12.28 ,2.00 
241.00 ,0.00 ,3.00 ,0.00 ,,1.00 ,0.00 ,14.45 ,0.00 
242.00 ,1.00 ,3.00 ,0.00 ,,1.00 ,0.00 ,15.50 ,1.00 
243.00 ,0.00 ,2.00 ,1.00 ,29.00 ,0.00 ,0.00 ,10.50 ,2.00 
244.00 ,0.00 ,3.00 ,1.00 ,22.00 ,0.00 ,0.00 ,7.13 ,2.00 
245.00 ,0.00 ,3.00 ,1.00 ,30.00 ,0.00 ,0.00 ,7.23 ,0.00 
246.00 ,0.00 ,1.00 ,1.00 ,44.00 ,2.00 ,0.00 ,90.00 ,1.00 
247.00 ,0.00 ,3.00 ,0.00 ,25.00 ,0.00 ,0.00 ,7.78 ,2.00 
248.00 ,1.00 ,2.00 ,0.00 ,24.00 ,0.00 ,2.00 ,14.50 ,2.00 
249.00 ,1.00 ,1.00 ,1.00 ,37.00 ,1.00 ,1.00 ,52.55 ,2.00 
250.00 ,0.00 ,2.00 ,1.00 ,54.00 ,1.00 ,0.00 ,26.00 ,2.00 
251.00 ,0.00 ,3.00 ,1.00 ,,0.00 ,0.00 ,7.25 ,2.00 
252.00 ,0.00 ,3.00 ,0.00 ,29.00 ,1.00 ,1.00 ,10.46 ,2.00 
253.00 ,0.00 ,1.00 ,1.00 ,62.00 ,0.00 ,0.00 ,26.55 ,2.00 
254.00 ,0.00 ,3.00 ,1.00 ,30.00 ,1.00 ,0.00 ,16.10 ,2.00 
255.00 ,0.00 ,3.00 ,0.00 ,41.00 ,0.00 ,2.00 ,20.21 ,2.00 
256.00 ,1.00 ,3.00 ,0.00 ,29.00 ,0.00 ,2.00 ,15.25 ,0.00 
257.00 ,1.00 ,1.00 ,0.00 ,,0.00 ,0.00 ,79.20 ,0.00 
258.00 ,1.00 ,1.00 ,0.00 ,30.00 ,0.00 ,0.00 ,86.50 ,2.00 
259.00 ,1.00 ,1.00 ,0.00 ,35.00 ,0.00 ,0.00 ,512.33 ,0.00 
260.00 ,1.00 ,2.00 ,0.00 ,50.00 ,0.00 ,1.00 ,26.00 ,2.00 
261.00 ,0.00 ,3.00 ,1.00 ,,0.00 ,0.00 ,7.75 ,1.00 
262.00 ,1.00 ,3.00 ,1.00 ,3.00 ,4.00 ,2.00 ,31.39 ,2.00 
263.00 ,0.00 ,1.00 ,1.00 ,52.00 ,1.00 ,1.00 ,79.65 ,2.00 
264.00 ,0.00 ,1.00 ,1.00 ,40.00 ,0.00 ,0.00 ,0.00 ,2.00 
265.00 ,0.00 ,3.00 ,0.00 ,,0.00 ,0.00 ,7.75 ,1.00 
266.00 ,0.00 ,2.00 ,1.00 ,36.00 ,0.00 ,0.00 ,10.50 ,2.00 
267.00 ,0.00 ,3.00 ,1.00 ,16.00 ,4.00 ,1.00 ,39.69 ,2.00 
268.00 ,1.00 ,3.00 ,1.00 ,25.00 ,1.00 ,0.00 ,7.78 ,2.00 
269.00 ,1.00 ,1.00 ,0.00 ,58.00 ,0.00 ,1.00 ,153.46 ,2.00 
270.00 ,1.00 ,1.00 ,0.00 ,35.00 ,0.00 ,0.00 ,135.63 ,2.00 
271.00 ,0.00 ,1.00 ,1.00 ,,0.00 ,0.00 ,31.00 ,2.00 
272.00 ,1.00 ,3.00 ,1.00 ,25.00 ,0.00 ,0.00 ,0.00 ,2.00 
273.00 ,1.00 ,2.00 ,0.00 ,41.00 ,0.00 ,1.00 ,19.50 ,2.00 
274.00 ,0.00 ,1.00 ,1.00 ,37.00 ,0.00 ,1.00 ,29.70 ,0.00 
275.00 ,1.00 ,3.00 ,0.00 ,,0.00 ,0.00 ,7.75 ,1.00 
276.00 ,1.00 ,1.00 ,0.00 ,63.00 ,1.00 ,0.00 ,77.96 ,2.00 
277.00 ,0.00 ,3.00 ,0.00 ,45.00 ,0.00 ,0.00 ,7.75 ,2.00 
278.00 ,0.00 ,2.00 ,1.00 ,,0.00 ,0.00 ,0.00 ,2.00 
279.00 ,0.00 ,3.00 ,1.00 ,7.00 ,4.00 ,1.00 ,29.13 ,1.00 
280.00 ,1.00 ,3.00 ,0.00 ,35.00 ,1.00 ,1.00 ,20.25 ,2.00 
281.00 ,0.00 ,3.00 ,1.00 ,65.00 ,0.00 ,0.00 ,7.75 ,1.00 
282.00 ,0.00 ,3.00 ,1.00 ,28.00 ,0.00 ,0.00 ,7.85 ,2.00 
283.00 ,0.00 ,3.00 ,1.00 ,16.00 ,0.00 ,0.00 ,9.50 ,2.00 
284.00 ,1.00 ,3.00 ,1.00 ,19.00 ,0.00 ,0.00 ,8.05 ,2.00 
285.00 ,0.00 ,1.00 ,1.00 ,,0.00 ,0.00 ,26.00 ,2.00 
286.00 ,0.00 ,3.00 ,1.00 ,33.00 ,0.00 ,0.00 ,8.66 ,0.00 
287.00 ,1.00 ,3.00 ,1.00 ,30.00 ,0.00 ,0.00 ,9.50 ,2.00 
288.00 ,0.00 ,3.00 ,1.00 ,22.00 ,0.00 ,0.00 ,7.90 ,2.00 
289.00 ,1.00 ,2.00 ,1.00 ,42.00 ,0.00 ,0.00 ,13.00 ,2.00 
290.00 ,1.00 ,3.00 ,0.00 ,22.00 ,0.00 ,0.00 ,7.75 ,1.00 
291.00 ,1.00 ,1.00 ,0.00 ,26.00 ,0.00 ,0.00 ,78.85 ,2.00 
292.00 ,1.00 ,1.00 ,0.00 ,19.00 ,1.00 ,0.00 ,91.08 ,0.00 
293.00 ,0.00 ,2.00 ,1.00 ,36.00 ,0.00 ,0.00 ,12.88 ,0.00 
294.00 ,0.00 ,3.00 ,0.00 ,24.00 ,0.00 ,0.00 ,8.85 ,2.00 
295.00 ,0.00 ,3.00 ,1.00 ,24.00 ,0.00 ,0.00 ,7.90 ,2.00 
296.00 ,0.00 ,1.00 ,1.00 ,,0.00 ,0.00 ,27.72 ,0.00 
297.00 ,0.00 ,3.00 ,1.00 ,23.50 ,0.00 ,0.00 ,7.23 ,0.00 
298.00 ,0.00 ,1.00 ,0.00 ,2.00 ,1.00 ,2.00 ,151.55 ,2.00 
299.00 ,1.00 ,1.00 ,1.00 ,,0.00 ,0.00 ,30.50 ,2.00 
300.00 ,1.00 ,1.00 ,0.00 ,50.00 ,0.00 ,1.00 ,247.52 ,0.00 
301.00 ,1.00 ,3.00 ,0.00 ,,0.00 ,0.00 ,7.75 ,1.00 
302.00 ,1.00 ,3.00 ,1.00 ,,2.00 ,0.00 ,23.25 ,1.00 
303.00 ,0.00 ,3.00 ,1.00 ,19.00 ,0.00 ,0.00 ,0.00 ,2.00 
304.00 ,1.00 ,2.00 ,0.00 ,,0.00 ,0.00 ,12.35 ,1.00 
305.00 ,0.00 ,3.00 ,1.00 ,,0.00 ,0.00 ,8.05 ,2.00 
306.00 ,1.00 ,1.00 ,1.00 ,0.92 ,1.00 ,2.00 ,151.55 ,2.00 
307.00 ,1.00 ,1.00 ,0.00 ,,0.00 ,0.00 ,110.88 ,0.00 
308.00 ,1.00 ,1.00 ,0.00 ,17.00 ,1.00 ,0.00 ,108.90 ,0.00 
309.00 ,0.00 ,2.00 ,1.00 ,30.00 ,1.00 ,0.00 ,24.00 ,0.00 
310.00 ,1.00 ,1.00 ,0.00 ,30.00 ,0.00 ,0.00 ,56.93 ,0.00 
311.00 ,1.00 ,1.00 ,0.00 ,24.00 ,0.00 ,0.00 ,83.16 ,0.00 
312.00 ,1.00 ,1.00 ,0.00 ,18.00 ,2.00 ,2.00 ,262.38 ,0.00 
313.00 ,0.00 ,2.00 ,0.00 ,26.00 ,1.00 ,1.00 ,26.00 ,2.00 
314.00 ,0.00 ,3.00 ,1.00 ,28.00 ,0.00 ,0.00 ,7.90 ,2.00 
315.00 ,0.00 ,2.00 ,1.00 ,43.00 ,1.00 ,1.00 ,26.25 ,2.00 
316.00 ,1.00 ,3.00 ,0.00 ,26.00 ,0.00 ,0.00 ,7.85 ,2.00 
317.00 ,1.00 ,2.00 ,0.00 ,24.00 ,1.00 ,0.00 ,26.00 ,2.00 
318.00 ,0.00 ,2.00 ,1.00 ,54.00 ,0.00 ,0.00 ,14.00 ,2.00 
319.00 ,1.00 ,1.00 ,0.00 ,31.00 ,0.00 ,2.00 ,164.87 ,2.00 
320.00 ,1.00 ,1.00 ,0.00 ,40.00 ,1.00 ,1.00 ,134.50 ,0.00 
321.00 ,0.00 ,3.00 ,1.00 ,22.00 ,0.00 ,0.00 ,7.25 ,2.00 
322.00 ,0.00 ,3.00 ,1.00 ,27.00 ,0.00 ,0.00 ,7.90 ,2.00 
323.00 ,1.00 ,2.00 ,0.00 ,30.00 ,0.00 ,0.00 ,12.35 ,1.00 
324.00 ,1.00 ,2.00 ,0.00 ,22.00 ,1.00 ,1.00 ,29.00 ,2.00 
325.00 ,0.00 ,3.00 ,1.00 ,,8.00 ,2.00 ,69.55 ,2.00 
326.00 ,1.00 ,1.00 ,0.00 ,36.00 ,0.00 ,0.00 ,135.63 ,0.00 
327.00 ,0.00 ,3.00 ,1.00 ,61.00 ,0.00 ,0.00 ,6.24 ,2.00 
328.00 ,1.00 ,2.00 ,0.00 ,36.00 ,0.00 ,0.00 ,13.00 ,2.00 
329.00 ,1.00 ,3.00 ,0.00 ,31.00 ,1.00 ,1.00 ,20.53 ,2.00 
330.00 ,1.00 ,1.00 ,0.00 ,16.00 ,0.00 ,1.00 ,57.98 ,0.00 
331.00 ,1.00 ,3.00 ,0.00 ,,2.00 ,0.00 ,23.25 ,1.00 
332.00 ,0.00 ,1.00 ,1.00 ,45.50 ,0.00 ,0.00 ,28.50 ,2.00 
333.00 ,0.00 ,1.00 ,1.00 ,38.00 ,0.00 ,1.00 ,153.46 ,2.00 
334.00 ,0.00 ,3.00 ,1.00 ,16.00 ,2.00 ,0.00 ,18.00 ,2.00 
335.00 ,1.00 ,1.00 ,0.00 ,,1.00 ,0.00 ,133.65 ,2.00 
336.00 ,0.00 ,3.00 ,1.00 ,,0.00 ,0.00 ,7.90 ,2.00 
337.00 ,0.00 ,1.00 ,1.00 ,29.00 ,1.00 ,0.00 ,66.60 ,2.00 
338.00 ,1.00 ,1.00 ,0.00 ,41.00 ,0.00 ,0.00 ,134.50 ,0.00 
339.00 ,1.00 ,3.00 ,1.00 ,45.00 ,0.00 ,0.00 ,8.05 ,2.00 
340.00 ,0.00 ,1.00 ,1.00 ,45.00 ,0.00 ,0.00 ,35.50 ,2.00 
341.00 ,1.00 ,2.00 ,1.00 ,2.00 ,1.00 ,1.00 ,26.00 ,2.00 
342.00 ,1.00 ,1.00 ,0.00 ,24.00 ,3.00 ,2.00 ,263.00 ,2.00 
343.00 ,0.00 ,2.00 ,1.00 ,28.00 ,0.00 ,0.00 ,13.00 ,2.00 
344.00 ,0.00 ,2.00 ,1.00 ,25.00 ,0.00 ,0.00 ,13.00 ,2.00 
345.00 ,0.00 ,2.00 ,1.00 ,36.00 ,0.00 ,0.00 ,13.00 ,2.00 
346.00 ,1.00 ,2.00 ,0.00 ,24.00 ,0.00 ,0.00 ,13.00 ,2.00 
347.00 ,1.00 ,2.00 ,0.00 ,40.00 ,0.00 ,0.00 ,13.00 ,2.00 
348.00 ,1.00 ,3.00 ,0.00 ,,1.00 ,0.00 ,16.10 ,2.00 
349.00 ,1.00 ,3.00 ,1.00 ,3.00 ,1.00 ,1.00 ,15.90 ,2.00 
350.00 ,0.00 ,3.00 ,1.00 ,42.00 ,0.00 ,0.00 ,8.66 ,2.00 
351.00 ,0.00 ,3.00 ,1.00 ,23.00 ,0.00 ,0.00 ,9.23 ,2.00 
352.00 ,0.00 ,1.00 ,1.00 ,,0.00 ,0.00 ,35.00 ,2.00 
353.00 ,0.00 ,3.00 ,1.00 ,15.00 ,1.00 ,1.00 ,7.23 ,0.00 
354.00 ,0.00 ,3.00 ,1.00 ,25.00 ,1.00 ,0.00 ,17.80 ,2.00 
355.00 ,0.00 ,3.00 ,1.00 ,,0.00 ,0.00 ,7.23 ,0.00 
356.00 ,0.00 ,3.00 ,1.00 ,28.00 ,0.00 ,0.00 ,9.50 ,2.00 
357.00 ,1.00 ,1.00 ,0.00 ,22.00 ,0.00 ,1.00 ,55.00 ,2.00 
358.00 ,0.00 ,2.00 ,0.00 ,38.00 ,0.00 ,0.00 ,13.00 ,2.00 
359.00 ,1.00 ,3.00 ,0.00 ,,0.00 ,0.00 ,7.88 ,1.00 
360.00 ,1.00 ,3.00 ,0.00 ,,0.00 ,0.00 ,7.88 ,1.00 
361.00 ,0.00 ,3.00 ,1.00 ,40.00 ,1.00 ,4.00 ,27.90 ,2.00 
362.00 ,0.00 ,2.00 ,1.00 ,29.00 ,1.00 ,0.00 ,27.72 ,0.00 
363.00 ,0.00 ,3.00 ,0.00 ,45.00 ,0.00 ,1.00 ,14.45 ,0.00 
364.00 ,0.00 ,3.00 ,1.00 ,35.00 ,0.00 ,0.00 ,7.05 ,2.00 
365.00 ,0.00 ,3.00 ,1.00 ,,1.00 ,0.00 ,15.50 ,1.00 
366.00 ,0.00 ,3.00 ,1.00 ,30.00 ,0.00 ,0.00 ,7.25 ,2.00 
367.00 ,1.00 ,1.00 ,0.00 ,60.00 ,1.00 ,0.00 ,75.25 ,0.00 
368.00 ,1.00 ,3.00 ,0.00 ,,0.00 ,0.00 ,7.23 ,0.00 
369.00 ,1.00 ,3.00 ,0.00 ,,0.00 ,0.00 ,7.75 ,1.00 
370.00 ,1.00 ,1.00 ,0.00 ,24.00 ,0.00 ,0.00 ,69.30 ,0.00 
371.00 ,1.00 ,1.00 ,1.00 ,25.00 ,1.00 ,0.00 ,55.44 ,0.00 
372.00 ,0.00 ,3.00 ,1.00 ,18.00 ,1.00 ,0.00 ,6.50 ,2.00 
373.00 ,0.00 ,3.00 ,1.00 ,19.00 ,0.00 ,0.00 ,8.05 ,2.00 
374.00 ,0.00 ,1.00 ,1.00 ,22.00 ,0.00 ,0.00 ,135.63 ,0.00 
375.00 ,0.00 ,3.00 ,0.00 ,3.00 ,3.00 ,1.00 ,21.08 ,2.00 
376.00 ,1.00 ,1.00 ,0.00 ,,1.00 ,0.00 ,82.17 ,0.00 
377.00 ,1.00 ,3.00 ,0.00 ,22.00 ,0.00 ,0.00 ,7.25 ,2.00 
378.00 ,0.00 ,1.00 ,1.00 ,27.00 ,0.00 ,2.00 ,211.50 ,0.00 
379.00 ,0.00 ,3.00 ,1.00 ,20.00 ,0.00 ,0.00 ,4.01 ,0.00 
380.00 ,0.00 ,3.00 ,1.00 ,19.00 ,0.00 ,0.00 ,7.78 ,2.00 
381.00 ,1.00 ,1.00 ,0.00 ,42.00 ,0.00 ,0.00 ,227.53 ,0.00 
382.00 ,1.00 ,3.00 ,0.00 ,1.00 ,0.00 ,2.00 ,15.74 ,0.00 
383.00 ,0.00 ,3.00 ,1.00 ,32.00 ,0.00 ,0.00 ,7.93 ,2.00 
384.00 ,1.00 ,1.00 ,0.00 ,35.00 ,1.00 ,0.00 ,52.00 ,2.00 
385.00 ,0.00 ,3.00 ,1.00 ,,0.00 ,0.00 ,7.90 ,2.00 
386.00 ,0.00 ,2.00 ,1.00 ,18.00 ,0.00 ,0.00 ,73.50 ,2.00 
387.00 ,0.00 ,3.00 ,1.00 ,1.00 ,5.00 ,2.00 ,46.90 ,2.00 
388.00 ,1.00 ,2.00 ,0.00 ,36.00 ,0.00 ,0.00 ,13.00 ,2.00 
389.00 ,0.00 ,3.00 ,1.00 ,,0.00 ,0.00 ,7.73 ,1.00 
390.00 ,1.00 ,2.00 ,0.00 ,17.00 ,0.00 ,0.00 ,12.00 ,0.00 
391.00 ,1.00 ,1.00 ,1.00 ,36.00 ,1.00 ,2.00 ,120.00 ,2.00 
392.00 ,1.00 ,3.00 ,1.00 ,21.00 ,0.00 ,0.00 ,7.80 ,2.00 
393.00 ,0.00 ,3.00 ,1.00 ,28.00 ,2.00 ,0.00 ,7.93 ,2.00 
394.00 ,1.00 ,1.00 ,0.00 ,23.00 ,1.00 ,0.00 ,113.28 ,0.00 
395.00 ,1.00 ,3.00 ,0.00 ,24.00 ,0.00 ,2.00 ,16.70 ,2.00 
396.00 ,0.00 ,3.00 ,1.00 ,22.00 ,0.00 ,0.00 ,7.80 ,2.00 
397.00 ,0.00 ,3.00 ,0.00 ,31.00 ,0.00 ,0.00 ,7.85 ,2.00 
398.00 ,0.00 ,2.00 ,1.00 ,46.00 ,0.00 ,0.00 ,26.00 ,2.00 
399.00 ,0.00 ,2.00 ,1.00 ,23.00 ,0.00 ,0.00 ,10.50 ,2.00 
400.00 ,1.00 ,2.00 ,0.00 ,28.00 ,0.00 ,0.00 ,12.65 ,2.00 
401.00 ,1.00 ,3.00 ,1.00 ,39.00 ,0.00 ,0.00 ,7.93 ,2.00 
402.00 ,0.00 ,3.00 ,1.00 ,26.00 ,0.00 ,0.00 ,8.05 ,2.00 
403.00 ,0.00 ,3.00 ,0.00 ,21.00 ,1.00 ,0.00 ,9.83 ,2.00 
404.00 ,0.00 ,3.00 ,1.00 ,28.00 ,1.00 ,0.00 ,15.85 ,2.00 
405.00 ,0.00 ,3.00 ,0.00 ,20.00 ,0.00 ,0.00 ,8.66 ,2.00 
406.00 ,0.00 ,2.00 ,1.00 ,34.00 ,1.00 ,0.00 ,21.00 ,2.00 
407.00 ,0.00 ,3.00 ,1.00 ,51.00 ,0.00 ,0.00 ,7.75 ,2.00 
408.00 ,1.00 ,2.00 ,1.00 ,3.00 ,1.00 ,1.00 ,18.75 ,2.00 
409.00 ,0.00 ,3.00 ,1.00 ,21.00 ,0.00 ,0.00 ,7.78 ,2.00 
410.00 ,0.00 ,3.00 ,0.00 ,,3.00 ,1.00 ,25.47 ,2.00 
411.00 ,0.00 ,3.00 ,1.00 ,,0.00 ,0.00 ,7.90 ,2.00 
412.00 ,0.00 ,3.00 ,1.00 ,,0.00 ,0.00 ,6.86 ,1.00 
413.00 ,1.00 ,1.00 ,0.00 ,33.00 ,1.00 ,0.00 ,90.00 ,1.00 
414.00 ,0.00 ,2.00 ,1.00 ,,0.00 ,0.00 ,0.00 ,2.00 
415.00 ,1.00 ,3.00 ,1.00 ,44.00 ,0.00 ,0.00 ,7.93 ,2.00 
416.00 ,0.00 ,3.00 ,0.00 ,,0.00 ,0.00 ,8.05 ,2.00 
417.00 ,1.00 ,2.00 ,0.00 ,34.00 ,1.00 ,1.00 ,32.50 ,2.00 
418.00 ,1.00 ,2.00 ,0.00 ,18.00 ,0.00 ,2.00 ,13.00 ,2.00 
419.00 ,0.00 ,2.00 ,1.00 ,30.00 ,0.00 ,0.00 ,13.00 ,2.00 
420.00 ,0.00 ,3.00 ,0.00 ,10.00 ,0.00 ,2.00 ,24.15 ,2.00 
421.00 ,0.00 ,3.00 ,1.00 ,,0.00 ,0.00 ,7.90 ,0.00 
422.00 ,0.00 ,3.00 ,1.00 ,21.00 ,0.00 ,0.00 ,7.73 ,1.00 
423.00 ,0.00 ,3.00 ,1.00 ,29.00 ,0.00 ,0.00 ,7.88 ,2.00 
424.00 ,0.00 ,3.00 ,0.00 ,28.00 ,1.00 ,1.00 ,14.40 ,2.00 
425.00 ,0.00 ,3.00 ,1.00 ,18.00 ,1.00 ,1.00 ,20.21 ,2.00 
426.00 ,0.00 ,3.00 ,1.00 ,,0.00 ,0.00 ,7.25 ,2.00 
427.00 ,1.00 ,2.00 ,0.00 ,28.00 ,1.00 ,0.00 ,26.00 ,2.00 
428.00 ,1.00 ,2.00 ,0.00 ,19.00 ,0.00 ,0.00 ,26.00 ,2.00 
429.00 ,0.00 ,3.00 ,1.00 ,,0.00 ,0.00 ,7.75 ,1.00 
430.00 ,1.00 ,3.00 ,1.00 ,32.00 ,0.00 ,0.00 ,8.05 ,2.00 
431.00 ,1.00 ,1.00 ,1.00 ,28.00 ,0.00 ,0.00 ,26.55 ,2.00 
432.00 ,1.00 ,3.00 ,0.00 ,,1.00 ,0.00 ,16.10 ,2.00 
433.00 ,1.00 ,2.00 ,0.00 ,42.00 ,1.00 ,0.00 ,26.00 ,2.00 
434.00 ,0.00 ,3.00 ,1.00 ,17.00 ,0.00 ,0.00 ,7.13 ,2.00 
435.00 ,0.00 ,1.00 ,1.00 ,50.00 ,1.00 ,0.00 ,55.90 ,2.00 
436.00 ,1.00 ,1.00 ,0.00 ,14.00 ,1.00 ,2.00 ,120.00 ,2.00 
437.00 ,0.00 ,3.00 ,0.00 ,21.00 ,2.00 ,2.00 ,34.38 ,2.00 
438.00 ,1.00 ,2.00 ,0.00 ,24.00 ,2.00 ,3.00 ,18.75 ,2.00 
439.00 ,0.00 ,1.00 ,1.00 ,64.00 ,1.00 ,4.00 ,263.00 ,2.00 
440.00 ,0.00 ,2.00 ,1.00 ,31.00 ,0.00 ,0.00 ,10.50 ,2.00 
441.00 ,1.00 ,2.00 ,0.00 ,45.00 ,1.00 ,1.00 ,26.25 ,2.00 
442.00 ,0.00 ,3.00 ,1.00 ,20.00 ,0.00 ,0.00 ,9.50 ,2.00 
443.00 ,0.00 ,3.00 ,1.00 ,25.00 ,1.00 ,0.00 ,7.78 ,2.00 
444.00 ,1.00 ,2.00 ,0.00 ,28.00 ,0.00 ,0.00 ,13.00 ,2.00 
445.00 ,1.00 ,3.00 ,1.00 ,,0.00 ,0.00 ,8.11 ,2.00 
446.00 ,1.00 ,1.00 ,1.00 ,4.00 ,0.00 ,2.00 ,81.86 ,2.00 
447.00 ,1.00 ,2.00 ,0.00 ,13.00 ,0.00 ,1.00 ,19.50 ,2.00 
448.00 ,1.00 ,1.00 ,1.00 ,34.00 ,0.00 ,0.00 ,26.55 ,2.00 
449.00 ,1.00 ,3.00 ,0.00 ,5.00 ,2.00 ,1.00 ,19.26 ,0.00 
450.00 ,1.00 ,1.00 ,1.00 ,52.00 ,0.00 ,0.00 ,30.50 ,2.00 
451.00 ,0.00 ,2.00 ,1.00 ,36.00 ,1.00 ,2.00 ,27.75 ,2.00 
452.00 ,0.00 ,3.00 ,1.00 ,,1.00 ,0.00 ,19.97 ,2.00 
453.00 ,0.00 ,1.00 ,1.00 ,30.00 ,0.00 ,0.00 ,27.75 ,0.00 
454.00 ,1.00 ,1.00 ,1.00 ,49.00 ,1.00 ,0.00 ,89.10 ,0.00 
455.00 ,0.00 ,3.00 ,1.00 ,,0.00 ,0.00 ,8.05 ,2.00 
456.00 ,1.00 ,3.00 ,1.00 ,29.00 ,0.00 ,0.00 ,7.90 ,0.00 
457.00 ,0.00 ,1.00 ,1.00 ,65.00 ,0.00 ,0.00 ,26.55 ,2.00 
458.00 ,1.00 ,1.00 ,0.00 ,,1.00 ,0.00 ,51.86 ,2.00 
459.00 ,1.00 ,2.00 ,0.00 ,50.00 ,0.00 ,0.00 ,10.50 ,2.00 
460.00 ,0.00 ,3.00 ,1.00 ,,0.00 ,0.00 ,7.75 ,1.00 
461.00 ,1.00 ,1.00 ,1.00 ,48.00 ,0.00 ,0.00 ,26.55 ,2.00 
462.00 ,0.00 ,3.00 ,1.00 ,34.00 ,0.00 ,0.00 ,8.05 ,2.00 
463.00 ,0.00 ,1.00 ,1.00 ,47.00 ,0.00 ,0.00 ,38.50 ,2.00 
464.00 ,0.00 ,2.00 ,1.00 ,48.00 ,0.00 ,0.00 ,13.00 ,2.00 
465.00 ,0.00 ,3.00 ,1.00 ,,0.00 ,0.00 ,8.05 ,2.00 
466.00 ,0.00 ,3.00 ,1.00 ,38.00 ,0.00 ,0.00 ,7.05 ,2.00 
467.00 ,0.00 ,2.00 ,1.00 ,,0.00 ,0.00 ,0.00 ,2.00 
468.00 ,0.00 ,1.00 ,1.00 ,56.00 ,0.00 ,0.00 ,26.55 ,2.00 
469.00 ,0.00 ,3.00 ,1.00 ,,0.00 ,0.00 ,7.73 ,1.00 
470.00 ,1.00 ,3.00 ,0.00 ,0.75 ,2.00 ,1.00 ,19.26 ,0.00 
471.00 ,0.00 ,3.00 ,1.00 ,,0.00 ,0.00 ,7.25 ,2.00 
472.00 ,0.00 ,3.00 ,1.00 ,38.00 ,0.00 ,0.00 ,8.66 ,2.00 
473.00 ,1.00 ,2.00 ,0.00 ,33.00 ,1.00 ,2.00 ,27.75 ,2.00 
474.00 ,1.00 ,2.00 ,0.00 ,23.00 ,0.00 ,0.00 ,13.79 ,0.00 
475.00 ,0.00 ,3.00 ,0.00 ,22.00 ,0.00 ,0.00 ,9.84 ,2.00 
476.00 ,0.00 ,1.00 ,1.00 ,,0.00 ,0.00 ,52.00 ,2.00 
477.00 ,0.00 ,2.00 ,1.00 ,34.00 ,1.00 ,0.00 ,21.00 ,2.00 
478.00 ,0.00 ,3.00 ,1.00 ,29.00 ,1.00 ,0.00 ,7.05 ,2.00 
479.00 ,0.00 ,3.00 ,1.00 ,22.00 ,0.00 ,0.00 ,7.52 ,2.00 
480.00 ,1.00 ,3.00 ,0.00 ,2.00 ,0.00 ,1.00 ,12.29 ,2.00 
481.00 ,0.00 ,3.00 ,1.00 ,9.00 ,5.00 ,2.00 ,46.90 ,2.00 
482.00 ,0.00 ,2.00 ,1.00 ,,0.00 ,0.00 ,0.00 ,2.00 
483.00 ,0.00 ,3.00 ,1.00 ,50.00 ,0.00 ,0.00 ,8.05 ,2.00 
484.00 ,1.00 ,3.00 ,0.00 ,63.00 ,0.00 ,0.00 ,9.59 ,2.00 
485.00 ,1.00 ,1.00 ,1.00 ,25.00 ,1.00 ,0.00 ,91.08 ,0.00 
486.00 ,0.00 ,3.00 ,0.00 ,,3.00 ,1.00 ,25.47 ,2.00 
487.00 ,1.00 ,1.00 ,0.00 ,35.00 ,1.00 ,0.00 ,90.00 ,2.00 
488.00 ,0.00 ,1.00 ,1.00 ,58.00 ,0.00 ,0.00 ,29.70 ,0.00 
489.00 ,0.00 ,3.00 ,1.00 ,30.00 ,0.00 ,0.00 ,8.05 ,2.00 
490.00 ,1.00 ,3.00 ,1.00 ,9.00 ,1.00 ,1.00 ,15.90 ,2.00 
491.00 ,0.00 ,3.00 ,1.00 ,,1.00 ,0.00 ,19.97 ,2.00 
492.00 ,0.00 ,3.00 ,1.00 ,21.00 ,0.00 ,0.00 ,7.25 ,2.00 
493.00 ,0.00 ,1.00 ,1.00 ,55.00 ,0.00 ,0.00 ,30.50 ,2.00 
494.00 ,0.00 ,1.00 ,1.00 ,71.00 ,0.00 ,0.00 ,49.50 ,0.00 
495.00 ,0.00 ,3.00 ,1.00 ,21.00 ,0.00 ,0.00 ,8.05 ,2.00 
496.00 ,0.00 ,3.00 ,1.00 ,,0.00 ,0.00 ,14.46 ,0.00 
497.00 ,1.00 ,1.00 ,0.00 ,54.00 ,1.00 ,0.00 ,78.27 ,0.00 
498.00 ,0.00 ,3.00 ,1.00 ,,0.00 ,0.00 ,15.10 ,2.00 
499.00 ,0.00 ,1.00 ,0.00 ,25.00 ,1.00 ,2.00 ,151.55 ,2.00 
500.00 ,0.00 ,3.00 ,1.00 ,24.00 ,0.00 ,0.00 ,7.80 ,2.00 
501.00 ,0.00 ,3.00 ,1.00 ,17.00 ,0.00 ,0.00 ,8.66 ,2.00 
502.00 ,0.00 ,3.00 ,0.00 ,21.00 ,0.00 ,0.00 ,7.75 ,1.00 
503.00 ,0.00 ,3.00 ,0.00 ,,0.00 ,0.00 ,7.63 ,1.00 
504.00 ,0.00 ,3.00 ,0.00 ,37.00 ,0.00 ,0.00 ,9.59 ,2.00 
505.00 ,1.00 ,1.00 ,0.00 ,16.00 ,0.00 ,0.00 ,86.50 ,2.00 
506.00 ,0.00 ,1.00 ,1.00 ,18.00 ,1.00 ,0.00 ,108.90 ,0.00 
507.00 ,1.00 ,2.00 ,0.00 ,33.00 ,0.00 ,2.00 ,26.00 ,2.00 
508.00 ,1.00 ,1.00 ,1.00 ,,0.00 ,0.00 ,26.55 ,2.00 
509.00 ,0.00 ,3.00 ,1.00 ,28.00 ,0.00 ,0.00 ,22.53 ,2.00 
510.00 ,1.00 ,3.00 ,1.00 ,26.00 ,0.00 ,0.00 ,56.50 ,2.00 
511.00 ,1.00 ,3.00 ,1.00 ,29.00 ,0.00 ,0.00 ,7.75 ,1.00 
512.00 ,0.00 ,3.00 ,1.00 ,,0.00 ,0.00 ,8.05 ,2.00 
513.00 ,1.00 ,1.00 ,1.00 ,36.00 ,0.00 ,0.00 ,26.29 ,2.00 
514.00 ,1.00 ,1.00 ,0.00 ,54.00 ,1.00 ,0.00 ,59.40 ,0.00 
515.00 ,0.00 ,3.00 ,1.00 ,24.00 ,0.00 ,0.00 ,7.50 ,2.00 
516.00 ,0.00 ,1.00 ,1.00 ,47.00 ,0.00 ,0.00 ,34.02 ,2.00 
517.00 ,1.00 ,2.00 ,0.00 ,34.00 ,0.00 ,0.00 ,10.50 ,2.00 
518.00 ,0.00 ,3.00 ,1.00 ,,0.00 ,0.00 ,24.15 ,1.00 
519.00 ,1.00 ,2.00 ,0.00 ,36.00 ,1.00 ,0.00 ,26.00 ,2.00 
520.00 ,0.00 ,3.00 ,1.00 ,32.00 ,0.00 ,0.00 ,7.90 ,2.00 
521.00 ,1.00 ,1.00 ,0.00 ,30.00 ,0.00 ,0.00 ,93.50 ,2.00 
522.00 ,0.00 ,3.00 ,1.00 ,22.00 ,0.00 ,0.00 ,7.90 ,2.00 
523.00 ,0.00 ,3.00 ,1.00 ,,0.00 ,0.00 ,7.23 ,0.00 
524.00 ,1.00 ,1.00 ,0.00 ,44.00 ,0.00 ,1.00 ,57.98 ,0.00 
525.00 ,0.00 ,3.00 ,1.00 ,,0.00 ,0.00 ,7.23 ,0.00 
526.00 ,0.00 ,3.00 ,1.00 ,40.50 ,0.00 ,0.00 ,7.75 ,1.00 
527.00 ,1.00 ,2.00 ,0.00 ,50.00 ,0.00 ,0.00 ,10.50 ,2.00 
528.00 ,0.00 ,1.00 ,1.00 ,,0.00 ,0.00 ,221.78 ,2.00 
529.00 ,0.00 ,3.00 ,1.00 ,39.00 ,0.00 ,0.00 ,7.93 ,2.00 
530.00 ,0.00 ,2.00 ,1.00 ,23.00 ,2.00 ,1.00 ,11.50 ,2.00 
531.00 ,1.00 ,2.00 ,0.00 ,2.00 ,1.00 ,1.00 ,26.00 ,2.00 
532.00 ,0.00 ,3.00 ,1.00 ,,0.00 ,0.00 ,7.23 ,0.00 
533.00 ,0.00 ,3.00 ,1.00 ,17.00 ,1.00 ,1.00 ,7.23 ,0.00 
534.00 ,1.00 ,3.00 ,0.00 ,,0.00 ,2.00 ,22.36 ,0.00 
535.00 ,0.00 ,3.00 ,0.00 ,30.00 ,0.00 ,0.00 ,8.66 ,2.00 
536.00 ,1.00 ,2.00 ,0.00 ,7.00 ,0.00 ,2.00 ,26.25 ,2.00 
537.00 ,0.00 ,1.00 ,1.00 ,45.00 ,0.00 ,0.00 ,26.55 ,2.00 
538.00 ,1.00 ,1.00 ,0.00 ,30.00 ,0.00 ,0.00 ,106.43 ,0.00 
539.00 ,0.00 ,3.00 ,1.00 ,,0.00 ,0.00 ,14.50 ,2.00 
540.00 ,1.00 ,1.00 ,0.00 ,22.00 ,0.00 ,2.00 ,49.50 ,0.00 
541.00 ,1.00 ,1.00 ,0.00 ,36.00 ,0.00 ,2.00 ,71.00 ,2.00 
542.00 ,0.00 ,3.00 ,0.00 ,9.00 ,4.00 ,2.00 ,31.28 ,2.00 
543.00 ,0.00 ,3.00 ,0.00 ,11.00 ,4.00 ,2.00 ,31.28 ,2.00 
544.00 ,1.00 ,2.00 ,1.00 ,32.00 ,1.00 ,0.00 ,26.00 ,2.00 
545.00 ,0.00 ,1.00 ,1.00 ,50.00 ,1.00 ,0.00 ,106.43 ,0.00 
546.00 ,0.00 ,1.00 ,1.00 ,64.00 ,0.00 ,0.00 ,26.00 ,2.00 
547.00 ,1.00 ,2.00 ,0.00 ,19.00 ,1.00 ,0.00 ,26.00 ,2.00 
548.00 ,1.00 ,2.00 ,1.00 ,,0.00 ,0.00 ,13.86 ,0.00 
549.00 ,0.00 ,3.00 ,1.00 ,33.00 ,1.00 ,1.00 ,20.53 ,2.00 
550.00 ,1.00 ,2.00 ,1.00 ,8.00 ,1.00 ,1.00 ,36.75 ,2.00 
551.00 ,1.00 ,1.00 ,1.00 ,17.00 ,0.00 ,2.00 ,110.88 ,0.00 
552.00 ,0.00 ,2.00 ,1.00 ,27.00 ,0.00 ,0.00 ,26.00 ,2.00 
553.00 ,0.00 ,3.00 ,1.00 ,,0.00 ,0.00 ,7.83 ,1.00 
554.00 ,1.00 ,3.00 ,1.00 ,22.00 ,0.00 ,0.00 ,7.23 ,0.00 
555.00 ,1.00 ,3.00 ,0.00 ,22.00 ,0.00 ,0.00 ,7.78 ,2.00 
556.00 ,0.00 ,1.00 ,1.00 ,62.00 ,0.00 ,0.00 ,26.55 ,2.00 
557.00 ,1.00 ,1.00 ,0.00 ,48.00 ,1.00 ,0.00 ,39.60 ,0.00 
558.00 ,0.00 ,1.00 ,1.00 ,,0.00 ,0.00 ,227.53 ,0.00 
559.00 ,1.00 ,1.00 ,0.00 ,39.00 ,1.00 ,1.00 ,79.65 ,2.00 
560.00 ,1.00 ,3.00 ,0.00 ,36.00 ,1.00 ,0.00 ,17.40 ,2.00 
561.00 ,0.00 ,3.00 ,1.00 ,,0.00 ,0.00 ,7.75 ,1.00 
562.00 ,0.00 ,3.00 ,1.00 ,40.00 ,0.00 ,0.00 ,7.90 ,2.00 
563.00 ,0.00 ,2.00 ,1.00 ,28.00 ,0.00 ,0.00 ,13.50 ,2.00 
564.00 ,0.00 ,3.00 ,1.00 ,,0.00 ,0.00 ,8.05 ,2.00 
565.00 ,0.00 ,3.00 ,0.00 ,,0.00 ,0.00 ,8.05 ,2.00 
566.00 ,0.00 ,3.00 ,1.00 ,24.00 ,2.00 ,0.00 ,24.15 ,2.00 
567.00 ,0.00 ,3.00 ,1.00 ,19.00 ,0.00 ,0.00 ,7.90 ,2.00 
568.00 ,0.00 ,3.00 ,0.00 ,29.00 ,0.00 ,4.00 ,21.08 ,2.00 
569.00 ,0.00 ,3.00 ,1.00 ,,0.00 ,0.00 ,7.23 ,0.00 
570.00 ,1.00 ,3.00 ,1.00 ,32.00 ,0.00 ,0.00 ,7.85 ,2.00 
571.00 ,1.00 ,2.00 ,1.00 ,62.00 ,0.00 ,0.00 ,10.50 ,2.00 
572.00 ,1.00 ,1.00 ,0.00 ,53.00 ,2.00 ,0.00 ,51.48 ,2.00 
573.00 ,1.00 ,1.00 ,1.00 ,36.00 ,0.00 ,0.00 ,26.39 ,2.00 
574.00 ,1.00 ,3.00 ,0.00 ,,0.00 ,0.00 ,7.75 ,1.00 
575.00 ,0.00 ,3.00 ,1.00 ,16.00 ,0.00 ,0.00 ,8.05 ,2.00 
576.00 ,0.00 ,3.00 ,1.00 ,19.00 ,0.00 ,0.00 ,14.50 ,2.00 
577.00 ,1.00 ,2.00 ,0.00 ,34.00 ,0.00 ,0.00 ,13.00 ,2.00 
578.00 ,1.00 ,1.00 ,0.00 ,39.00 ,1.00 ,0.00 ,55.90 ,2.00 
579.00 ,0.00 ,3.00 ,0.00 ,,1.00 ,0.00 ,14.46 ,0.00 
580.00 ,1.00 ,3.00 ,1.00 ,32.00 ,0.00 ,0.00 ,7.93 ,2.00 
581.00 ,1.00 ,2.00 ,0.00 ,25.00 ,1.00 ,1.00 ,30.00 ,2.00 
582.00 ,1.00 ,1.00 ,0.00 ,39.00 ,1.00 ,1.00 ,110.88 ,0.00 
583.00 ,0.00 ,2.00 ,1.00 ,54.00 ,0.00 ,0.00 ,26.00 ,2.00 
584.00 ,0.00 ,1.00 ,1.00 ,36.00 ,0.00 ,0.00 ,40.13 ,0.00 
585.00 ,0.00 ,3.00 ,1.00 ,,0.00 ,0.00 ,8.71 ,0.00 
586.00 ,1.00 ,1.00 ,0.00 ,18.00 ,0.00 ,2.00 ,79.65 ,2.00 
587.00 ,0.00 ,2.00 ,1.00 ,47.00 ,0.00 ,0.00 ,15.00 ,2.00 
588.00 ,1.00 ,1.00 ,1.00 ,60.00 ,1.00 ,1.00 ,79.20 ,0.00 
589.00 ,0.00 ,3.00 ,1.00 ,22.00 ,0.00 ,0.00 ,8.05 ,2.00 
590.00 ,0.00 ,3.00 ,1.00 ,,0.00 ,0.00 ,8.05 ,2.00 
591.00 ,0.00 ,3.00 ,1.00 ,35.00 ,0.00 ,0.00 ,7.13 ,2.00 
592.00 ,1.00 ,1.00 ,0.00 ,52.00 ,1.00 ,0.00 ,78.27 ,0.00 
593.00 ,0.00 ,3.00 ,1.00 ,47.00 ,0.00 ,0.00 ,7.25 ,2.00 
594.00 ,0.00 ,3.00 ,0.00 ,,0.00 ,2.00 ,7.75 ,1.00 
595.00 ,0.00 ,2.00 ,1.00 ,37.00 ,1.00 ,0.00 ,26.00 ,2.00 
596.00 ,0.00 ,3.00 ,1.00 ,36.00 ,1.00 ,1.00 ,24.15 ,2.00 
597.00 ,1.00 ,2.00 ,0.00 ,,0.00 ,0.00 ,33.00 ,2.00 
598.00 ,0.00 ,3.00 ,1.00 ,49.00 ,0.00 ,0.00 ,0.00 ,2.00 
599.00 ,0.00 ,3.00 ,1.00 ,,0.00 ,0.00 ,7.23 ,0.00 
600.00 ,1.00 ,1.00 ,1.00 ,49.00 ,1.00 ,0.00 ,56.93 ,0.00 
601.00 ,1.00 ,2.00 ,0.00 ,24.00 ,2.00 ,1.00 ,27.00 ,2.00 
602.00 ,0.00 ,3.00 ,1.00 ,,0.00 ,0.00 ,7.90 ,2.00 
603.00 ,0.00 ,1.00 ,1.00 ,,0.00 ,0.00 ,42.40 ,2.00 
604.00 ,0.00 ,3.00 ,1.00 ,44.00 ,0.00 ,0.00 ,8.05 ,2.00 
605.00 ,1.00 ,1.00 ,1.00 ,35.00 ,0.00 ,0.00 ,26.55 ,0.00 
606.00 ,0.00 ,3.00 ,1.00 ,36.00 ,1.00 ,0.00 ,15.55 ,2.00 
607.00 ,0.00 ,3.00 ,1.00 ,30.00 ,0.00 ,0.00 ,7.90 ,2.00 
608.00 ,1.00 ,1.00 ,1.00 ,27.00 ,0.00 ,0.00 ,30.50 ,2.00 
609.00 ,1.00 ,2.00 ,0.00 ,22.00 ,1.00 ,2.00 ,41.58 ,0.00 
610.00 ,1.00 ,1.00 ,0.00 ,40.00 ,0.00 ,0.00 ,153.46 ,2.00 
611.00 ,0.00 ,3.00 ,0.00 ,39.00 ,1.00 ,5.00 ,31.28 ,2.00 
612.00 ,0.00 ,3.00 ,1.00 ,,0.00 ,0.00 ,7.05 ,2.00 
613.00 ,1.00 ,3.00 ,0.00 ,,1.00 ,0.00 ,15.50 ,1.00 
614.00 ,0.00 ,3.00 ,1.00 ,,0.00 ,0.00 ,7.75 ,1.00 
615.00 ,0.00 ,3.00 ,1.00 ,35.00 ,0.00 ,0.00 ,8.05 ,2.00 
616.00 ,1.00 ,2.00 ,0.00 ,24.00 ,1.00 ,2.00 ,65.00 ,2.00 
617.00 ,0.00 ,3.00 ,1.00 ,34.00 ,1.00 ,1.00 ,14.40 ,2.00 
618.00 ,0.00 ,3.00 ,0.00 ,26.00 ,1.00 ,0.00 ,16.10 ,2.00 
619.00 ,1.00 ,2.00 ,0.00 ,4.00 ,2.00 ,1.00 ,39.00 ,2.00 
620.00 ,0.00 ,2.00 ,1.00 ,26.00 ,0.00 ,0.00 ,10.50 ,2.00 
621.00 ,0.00 ,3.00 ,1.00 ,27.00 ,1.00 ,0.00 ,14.45 ,0.00 
622.00 ,1.00 ,1.00 ,1.00 ,42.00 ,1.00 ,0.00 ,52.55 ,2.00 
623.00 ,1.00 ,3.00 ,1.00 ,20.00 ,1.00 ,1.00 ,15.74 ,0.00 
624.00 ,0.00 ,3.00 ,1.00 ,21.00 ,0.00 ,0.00 ,7.85 ,2.00 
625.00 ,0.00 ,3.00 ,1.00 ,21.00 ,0.00 ,0.00 ,16.10 ,2.00 
626.00 ,0.00 ,1.00 ,1.00 ,61.00 ,0.00 ,0.00 ,32.32 ,2.00 
627.00 ,0.00 ,2.00 ,1.00 ,57.00 ,0.00 ,0.00 ,12.35 ,1.00 
628.00 ,1.00 ,1.00 ,0.00 ,21.00 ,0.00 ,0.00 ,77.96 ,2.00 
629.00 ,0.00 ,3.00 ,1.00 ,26.00 ,0.00 ,0.00 ,7.90 ,2.00 
630.00 ,0.00 ,3.00 ,1.00 ,,0.00 ,0.00 ,7.73 ,1.00 
631.00 ,1.00 ,1.00 ,1.00 ,80.00 ,0.00 ,0.00 ,30.00 ,2.00 
632.00 ,0.00 ,3.00 ,1.00 ,51.00 ,0.00 ,0.00 ,7.05 ,2.00 
633.00 ,1.00 ,1.00 ,1.00 ,32.00 ,0.00 ,0.00 ,30.50 ,0.00 
634.00 ,0.00 ,1.00 ,1.00 ,,0.00 ,0.00 ,0.00 ,2.00 
635.00 ,0.00 ,3.00 ,0.00 ,9.00 ,3.00 ,2.00 ,27.90 ,2.00 
636.00 ,1.00 ,2.00 ,0.00 ,28.00 ,0.00 ,0.00 ,13.00 ,2.00 
637.00 ,0.00 ,3.00 ,1.00 ,32.00 ,0.00 ,0.00 ,7.93 ,2.00 
638.00 ,0.00 ,2.00 ,1.00 ,31.00 ,1.00 ,1.00 ,26.25 ,2.00 
639.00 ,0.00 ,3.00 ,0.00 ,41.00 ,0.00 ,5.00 ,39.69 ,2.00 
640.00 ,0.00 ,3.00 ,1.00 ,,1.00 ,0.00 ,16.10 ,2.00 
641.00 ,0.00 ,3.00 ,1.00 ,20.00 ,0.00 ,0.00 ,7.85 ,2.00 
642.00 ,1.00 ,1.00 ,0.00 ,24.00 ,0.00 ,0.00 ,69.30 ,0.00 
643.00 ,0.00 ,3.00 ,0.00 ,2.00 ,3.00 ,2.00 ,27.90 ,2.00 
644.00 ,1.00 ,3.00 ,1.00 ,,0.00 ,0.00 ,56.50 ,2.00 
645.00 ,1.00 ,3.00 ,0.00 ,0.75 ,2.00 ,1.00 ,19.26 ,0.00 
646.00 ,1.00 ,1.00 ,1.00 ,48.00 ,1.00 ,0.00 ,76.73 ,0.00 
647.00 ,0.00 ,3.00 ,1.00 ,19.00 ,0.00 ,0.00 ,7.90 ,2.00 
648.00 ,1.00 ,1.00 ,1.00 ,56.00 ,0.00 ,0.00 ,35.50 ,0.00 
649.00 ,0.00 ,3.00 ,1.00 ,,0.00 ,0.00 ,7.55 ,2.00 
650.00 ,1.00 ,3.00 ,0.00 ,23.00 ,0.00 ,0.00 ,7.55 ,2.00 
651.00 ,0.00 ,3.00 ,1.00 ,,0.00 ,0.00 ,7.90 ,2.00 
652.00 ,1.00 ,2.00 ,0.00 ,18.00 ,0.00 ,1.00 ,23.00 ,2.00 
653.00 ,0.00 ,3.00 ,1.00 ,21.00 ,0.00 ,0.00 ,8.43 ,2.00 
654.00 ,1.00 ,3.00 ,0.00 ,,0.00 ,0.00 ,7.83 ,1.00 
655.00 ,0.00 ,3.00 ,0.00 ,18.00 ,0.00 ,0.00 ,6.75 ,1.00 
656.00 ,0.00 ,2.00 ,1.00 ,24.00 ,2.00 ,0.00 ,73.50 ,2.00 
657.00 ,0.00 ,3.00 ,1.00 ,,0.00 ,0.00 ,7.90 ,2.00 
658.00 ,0.00 ,3.00 ,0.00 ,32.00 ,1.00 ,1.00 ,15.50 ,1.00 
659.00 ,0.00 ,2.00 ,1.00 ,23.00 ,0.00 ,0.00 ,13.00 ,2.00 
660.00 ,0.00 ,1.00 ,1.00 ,58.00 ,0.00 ,2.00 ,113.28 ,0.00 
661.00 ,1.00 ,1.00 ,1.00 ,50.00 ,2.00 ,0.00 ,133.65 ,2.00 
662.00 ,0.00 ,3.00 ,1.00 ,40.00 ,0.00 ,0.00 ,7.23 ,0.00 
663.00 ,0.00 ,1.00 ,1.00 ,47.00 ,0.00 ,0.00 ,25.59 ,2.00 
664.00 ,0.00 ,3.00 ,1.00 ,36.00 ,0.00 ,0.00 ,7.50 ,2.00 
665.00 ,1.00 ,3.00 ,1.00 ,20.00 ,1.00 ,0.00 ,7.93 ,2.00 
666.00 ,0.00 ,2.00 ,1.00 ,32.00 ,2.00 ,0.00 ,73.50 ,2.00 
667.00 ,0.00 ,2.00 ,1.00 ,25.00 ,0.00 ,0.00 ,13.00 ,2.00 
668.00 ,0.00 ,3.00 ,1.00 ,,0.00 ,0.00 ,7.78 ,2.00 
669.00 ,0.00 ,3.00 ,1.00 ,43.00 ,0.00 ,0.00 ,8.05 ,2.00 
670.00 ,1.00 ,1.00 ,0.00 ,,1.00 ,0.00 ,52.00 ,2.00 
671.00 ,1.00 ,2.00 ,0.00 ,40.00 ,1.00 ,1.00 ,39.00 ,2.00 
672.00 ,0.00 ,1.00 ,1.00 ,31.00 ,1.00 ,0.00 ,52.00 ,2.00 
673.00 ,0.00 ,2.00 ,1.00 ,70.00 ,0.00 ,0.00 ,10.50 ,2.00 
674.00 ,1.00 ,2.00 ,1.00 ,31.00 ,0.00 ,0.00 ,13.00 ,2.00 
675.00 ,0.00 ,2.00 ,1.00 ,,0.00 ,0.00 ,0.00 ,2.00 
676.00 ,0.00 ,3.00 ,1.00 ,18.00 ,0.00 ,0.00 ,7.78 ,2.00 
677.00 ,0.00 ,3.00 ,1.00 ,24.50 ,0.00 ,0.00 ,8.05 ,2.00 
678.00 ,1.00 ,3.00 ,0.00 ,18.00 ,0.00 ,0.00 ,9.84 ,2.00 
679.00 ,0.00 ,3.00 ,0.00 ,43.00 ,1.00 ,6.00 ,46.90 ,2.00 
680.00 ,1.00 ,1.00 ,1.00 ,36.00 ,0.00 ,1.00 ,512.33 ,0.00 
681.00 ,0.00 ,3.00 ,0.00 ,,0.00 ,0.00 ,8.14 ,1.00 
682.00 ,1.00 ,1.00 ,1.00 ,27.00 ,0.00 ,0.00 ,76.73 ,0.00 
683.00 ,0.00 ,3.00 ,1.00 ,20.00 ,0.00 ,0.00 ,9.23 ,2.00 
684.00 ,0.00 ,3.00 ,1.00 ,14.00 ,5.00 ,2.00 ,46.90 ,2.00 
685.00 ,0.00 ,2.00 ,1.00 ,60.00 ,1.00 ,1.00 ,39.00 ,2.00 
686.00 ,0.00 ,2.00 ,1.00 ,25.00 ,1.00 ,2.00 ,41.58 ,0.00 
687.00 ,0.00 ,3.00 ,1.00 ,14.00 ,4.00 ,1.00 ,39.69 ,2.00 
688.00 ,0.00 ,3.00 ,1.00 ,19.00 ,0.00 ,0.00 ,10.17 ,2.00 
689.00 ,0.00 ,3.00 ,1.00 ,18.00 ,0.00 ,0.00 ,7.80 ,2.00 
690.00 ,1.00 ,1.00 ,0.00 ,15.00 ,0.00 ,1.00 ,211.34 ,2.00 
691.00 ,1.00 ,1.00 ,1.00 ,31.00 ,1.00 ,0.00 ,57.00 ,2.00 
692.00 ,1.00 ,3.00 ,0.00 ,4.00 ,0.00 ,1.00 ,13.42 ,0.00 
693.00 ,1.00 ,3.00 ,1.00 ,,0.00 ,0.00 ,56.50 ,2.00 
694.00 ,0.00 ,3.00 ,1.00 ,25.00 ,0.00 ,0.00 ,7.23 ,0.00 
695.00 ,0.00 ,1.00 ,1.00 ,60.00 ,0.00 ,0.00 ,26.55 ,2.00 
696.00 ,0.00 ,2.00 ,1.00 ,52.00 ,0.00 ,0.00 ,13.50 ,2.00 
697.00 ,0.00 ,3.00 ,1.00 ,44.00 ,0.00 ,0.00 ,8.05 ,2.00 
698.00 ,1.00 ,3.00 ,0.00 ,,0.00 ,0.00 ,7.73 ,1.00 
699.00 ,0.00 ,1.00 ,1.00 ,49.00 ,1.00 ,1.00 ,110.88 ,0.00 
700.00 ,0.00 ,3.00 ,1.00 ,42.00 ,0.00 ,0.00 ,7.65 ,2.00 
701.00 ,1.00 ,1.00 ,0.00 ,18.00 ,1.00 ,0.00 ,227.53 ,0.00 
702.00 ,1.00 ,1.00 ,1.00 ,35.00 ,0.00 ,0.00 ,26.29 ,2.00 
703.00 ,0.00 ,3.00 ,0.00 ,18.00 ,0.00 ,1.00 ,14.45 ,0.00 
704.00 ,0.00 ,3.00 ,1.00 ,25.00 ,0.00 ,0.00 ,7.74 ,1.00 
705.00 ,0.00 ,3.00 ,1.00 ,26.00 ,1.00 ,0.00 ,7.85 ,2.00 
706.00 ,0.00 ,2.00 ,1.00 ,39.00 ,0.00 ,0.00 ,26.00 ,2.00 
707.00 ,1.00 ,2.00 ,0.00 ,45.00 ,0.00 ,0.00 ,13.50 ,2.00 
708.00 ,1.00 ,1.00 ,1.00 ,42.00 ,0.00 ,0.00 ,26.29 ,2.00 
709.00 ,1.00 ,1.00 ,0.00 ,22.00 ,0.00 ,0.00 ,151.55 ,2.00 
710.00 ,1.00 ,3.00 ,1.00 ,,1.00 ,1.00 ,15.25 ,0.00 
711.00 ,1.00 ,1.00 ,0.00 ,24.00 ,0.00 ,0.00 ,49.50 ,0.00 
712.00 ,0.00 ,1.00 ,1.00 ,,0.00 ,0.00 ,26.55 ,2.00 
713.00 ,1.00 ,1.00 ,1.00 ,48.00 ,1.00 ,0.00 ,52.00 ,2.00 
714.00 ,0.00 ,3.00 ,1.00 ,29.00 ,0.00 ,0.00 ,9.48 ,2.00 
715.00 ,0.00 ,2.00 ,1.00 ,52.00 ,0.00 ,0.00 ,13.00 ,2.00 
716.00 ,0.00 ,3.00 ,1.00 ,19.00 ,0.00 ,0.00 ,7.65 ,2.00 
717.00 ,1.00 ,1.00 ,0.00 ,38.00 ,0.00 ,0.00 ,227.53 ,0.00 
718.00 ,1.00 ,2.00 ,0.00 ,27.00 ,0.00 ,0.00 ,10.50 ,2.00 
719.00 ,0.00 ,3.00 ,1.00 ,,0.00 ,0.00 ,15.50 ,1.00 
720.00 ,0.00 ,3.00 ,1.00 ,33.00 ,0.00 ,0.00 ,7.78 ,2.00 
721.00 ,1.00 ,2.00 ,0.00 ,6.00 ,0.00 ,1.00 ,33.00 ,2.00 
722.00 ,0.00 ,3.00 ,1.00 ,17.00 ,1.00 ,0.00 ,7.05 ,2.00 
723.00 ,0.00 ,2.00 ,1.00 ,34.00 ,0.00 ,0.00 ,13.00 ,2.00 
724.00 ,0.00 ,2.00 ,1.00 ,50.00 ,0.00 ,0.00 ,13.00 ,2.00 
725.00 ,1.00 ,1.00 ,1.00 ,27.00 ,1.00 ,0.00 ,53.10 ,2.00 
726.00 ,0.00 ,3.00 ,1.00 ,20.00 ,0.00 ,0.00 ,8.66 ,2.00 
727.00 ,1.00 ,2.00 ,0.00 ,30.00 ,3.00 ,0.00 ,21.00 ,2.00 
728.00 ,1.00 ,3.00 ,0.00 ,,0.00 ,0.00 ,7.74 ,1.00 
729.00 ,0.00 ,2.00 ,1.00 ,25.00 ,1.00 ,0.00 ,26.00 ,2.00 
730.00 ,0.00 ,3.00 ,0.00 ,25.00 ,1.00 ,0.00 ,7.93 ,2.00 
731.00 ,1.00 ,1.00 ,0.00 ,29.00 ,0.00 ,0.00 ,211.34 ,2.00 
732.00 ,0.00 ,3.00 ,1.00 ,11.00 ,0.00 ,0.00 ,18.79 ,0.00 
733.00 ,0.00 ,2.00 ,1.00 ,,0.00 ,0.00 ,0.00 ,2.00 
734.00 ,0.00 ,2.00 ,1.00 ,23.00 ,0.00 ,0.00 ,13.00 ,2.00 
735.00 ,0.00 ,2.00 ,1.00 ,23.00 ,0.00 ,0.00 ,13.00 ,2.00 
736.00 ,0.00 ,3.00 ,1.00 ,28.50 ,0.00 ,0.00 ,16.10 ,2.00 
737.00 ,0.00 ,3.00 ,0.00 ,48.00 ,1.00 ,3.00 ,34.38 ,2.00 
738.00 ,1.00 ,1.00 ,1.00 ,35.00 ,0.00 ,0.00 ,512.33 ,0.00 
739.00 ,0.00 ,3.00 ,1.00 ,,0.00 ,0.00 ,7.90 ,2.00 
740.00 ,0.00 ,3.00 ,1.00 ,,0.00 ,0.00 ,7.90 ,2.00 
741.00 ,1.00 ,1.00 ,1.00 ,,0.00 ,0.00 ,30.00 ,2.00 
742.00 ,0.00 ,1.00 ,1.00 ,36.00 ,1.00 ,0.00 ,78.85 ,2.00 
743.00 ,1.00 ,1.00 ,0.00 ,21.00 ,2.00 ,2.00 ,262.38 ,0.00 
744.00 ,0.00 ,3.00 ,1.00 ,24.00 ,1.00 ,0.00 ,16.10 ,2.00 
745.00 ,1.00 ,3.00 ,1.00 ,31.00 ,0.00 ,0.00 ,7.93 ,2.00 
746.00 ,0.00 ,1.00 ,1.00 ,70.00 ,1.00 ,1.00 ,71.00 ,2.00 
747.00 ,0.00 ,3.00 ,1.00 ,16.00 ,1.00 ,1.00 ,20.25 ,2.00 
748.00 ,1.00 ,2.00 ,0.00 ,30.00 ,0.00 ,0.00 ,13.00 ,2.00 
749.00 ,0.00 ,1.00 ,1.00 ,19.00 ,1.00 ,0.00 ,53.10 ,2.00 
750.00 ,0.00 ,3.00 ,1.00 ,31.00 ,0.00 ,0.00 ,7.75 ,1.00 
751.00 ,1.00 ,2.00 ,0.00 ,4.00 ,1.00 ,1.00 ,23.00 ,2.00 
752.00 ,1.00 ,3.00 ,1.00 ,6.00 ,0.00 ,1.00 ,12.48 ,2.00 
753.00 ,0.00 ,3.00 ,1.00 ,33.00 ,0.00 ,0.00 ,9.50 ,2.00 
754.00 ,0.00 ,3.00 ,1.00 ,23.00 ,0.00 ,0.00 ,7.90 ,2.00 
755.00 ,1.00 ,2.00 ,0.00 ,48.00 ,1.00 ,2.00 ,65.00 ,2.00 
756.00 ,1.00 ,2.00 ,1.00 ,0.67 ,1.00 ,1.00 ,14.50 ,2.00 
757.00 ,0.00 ,3.00 ,1.00 ,28.00 ,0.00 ,0.00 ,7.80 ,2.00 
758.00 ,0.00 ,2.00 ,1.00 ,18.00 ,0.00 ,0.00 ,11.50 ,2.00 
759.00 ,0.00 ,3.00 ,1.00 ,34.00 ,0.00 ,0.00 ,8.05 ,2.00 
760.00 ,1.00 ,1.00 ,0.00 ,33.00 ,0.00 ,0.00 ,86.50 ,2.00 
761.00 ,0.00 ,3.00 ,1.00 ,,0.00 ,0.00 ,14.50 ,2.00 
762.00 ,0.00 ,3.00 ,1.00 ,41.00 ,0.00 ,0.00 ,7.13 ,2.00 
763.00 ,1.00 ,3.00 ,1.00 ,20.00 ,0.00 ,0.00 ,7.23 ,0.00 
764.00 ,1.00 ,1.00 ,0.00 ,36.00 ,1.00 ,2.00 ,120.00 ,2.00 
765.00 ,0.00 ,3.00 ,1.00 ,16.00 ,0.00 ,0.00 ,7.78 ,2.00 
766.00 ,1.00 ,1.00 ,0.00 ,51.00 ,1.00 ,0.00 ,77.96 ,2.00 
767.00 ,0.00 ,1.00 ,1.00 ,,0.00 ,0.00 ,39.60 ,0.00 
768.00 ,0.00 ,3.00 ,0.00 ,30.50 ,0.00 ,0.00 ,7.75 ,1.00 
769.00 ,0.00 ,3.00 ,1.00 ,,1.00 ,0.00 ,24.15 ,1.00 
770.00 ,0.00 ,3.00 ,1.00 ,32.00 ,0.00 ,0.00 ,8.36 ,2.00 
771.00 ,0.00 ,3.00 ,1.00 ,24.00 ,0.00 ,0.00 ,9.50 ,2.00 
772.00 ,0.00 ,3.00 ,1.00 ,48.00 ,0.00 ,0.00 ,7.85 ,2.00 
773.00 ,0.00 ,2.00 ,0.00 ,57.00 ,0.00 ,0.00 ,10.50 ,2.00 
774.00 ,0.00 ,3.00 ,1.00 ,,0.00 ,0.00 ,7.23 ,0.00 
775.00 ,1.00 ,2.00 ,0.00 ,54.00 ,1.00 ,3.00 ,23.00 ,2.00 
776.00 ,0.00 ,3.00 ,1.00 ,18.00 ,0.00 ,0.00 ,7.75 ,2.00 
777.00 ,0.00 ,3.00 ,1.00 ,,0.00 ,0.00 ,7.75 ,1.00 
778.00 ,1.00 ,3.00 ,0.00 ,5.00 ,0.00 ,0.00 ,12.48 ,2.00 
779.00 ,0.00 ,3.00 ,1.00 ,,0.00 ,0.00 ,7.74 ,1.00 
780.00 ,1.00 ,1.00 ,0.00 ,43.00 ,0.00 ,1.00 ,211.34 ,2.00 
781.00 ,1.00 ,3.00 ,0.00 ,13.00 ,0.00 ,0.00 ,7.23 ,0.00 
782.00 ,1.00 ,1.00 ,0.00 ,17.00 ,1.00 ,0.00 ,57.00 ,2.00 
783.00 ,0.00 ,1.00 ,1.00 ,29.00 ,0.00 ,0.00 ,30.00 ,2.00 
784.00 ,0.00 ,3.00 ,1.00 ,,1.00 ,2.00 ,23.45 ,2.00 
785.00 ,0.00 ,3.00 ,1.00 ,25.00 ,0.00 ,0.00 ,7.05 ,2.00 
786.00 ,0.00 ,3.00 ,1.00 ,25.00 ,0.00 ,0.00 ,7.25 ,2.00 
787.00 ,1.00 ,3.00 ,0.00 ,18.00 ,0.00 ,0.00 ,7.50 ,2.00 
788.00 ,0.00 ,3.00 ,1.00 ,8.00 ,4.00 ,1.00 ,29.13 ,1.00 
789.00 ,1.00 ,3.00 ,1.00 ,1.00 ,1.00 ,2.00 ,20.58 ,2.00 
790.00 ,0.00 ,1.00 ,1.00 ,46.00 ,0.00 ,0.00 ,79.20 ,0.00 
791.00 ,0.00 ,3.00 ,1.00 ,,0.00 ,0.00 ,7.75 ,1.00 
792.00 ,0.00 ,2.00 ,1.00 ,16.00 ,0.00 ,0.00 ,26.00 ,2.00 
793.00 ,0.00 ,3.00 ,0.00 ,,8.00 ,2.00 ,69.55 ,2.00 
794.00 ,0.00 ,1.00 ,1.00 ,,0.00 ,0.00 ,30.70 ,0.00 
795.00 ,0.00 ,3.00 ,1.00 ,25.00 ,0.00 ,0.00 ,7.90 ,2.00 
796.00 ,0.00 ,2.00 ,1.00 ,39.00 ,0.00 ,0.00 ,13.00 ,2.00 
797.00 ,1.00 ,1.00 ,0.00 ,49.00 ,0.00 ,0.00 ,25.93 ,2.00 
798.00 ,1.00 ,3.00 ,0.00 ,31.00 ,0.00 ,0.00 ,8.68 ,2.00 
799.00 ,0.00 ,3.00 ,1.00 ,30.00 ,0.00 ,0.00 ,7.23 ,0.00 
800.00 ,0.00 ,3.00 ,0.00 ,30.00 ,1.00 ,1.00 ,24.15 ,2.00 
801.00 ,0.00 ,2.00 ,1.00 ,34.00 ,0.00 ,0.00 ,13.00 ,2.00 
802.00 ,1.00 ,2.00 ,0.00 ,31.00 ,1.00 ,1.00 ,26.25 ,2.00 
803.00 ,1.00 ,1.00 ,1.00 ,11.00 ,1.00 ,2.00 ,120.00 ,2.00 
804.00 ,1.00 ,3.00 ,1.00 ,0.42 ,0.00 ,1.00 ,8.52 ,0.00 
805.00 ,1.00 ,3.00 ,1.00 ,27.00 ,0.00 ,0.00 ,6.98 ,2.00 
806.00 ,0.00 ,3.00 ,1.00 ,31.00 ,0.00 ,0.00 ,7.78 ,2.00 
807.00 ,0.00 ,1.00 ,1.00 ,39.00 ,0.00 ,0.00 ,0.00 ,2.00 
808.00 ,0.00 ,3.00 ,0.00 ,18.00 ,0.00 ,0.00 ,7.78 ,2.00 
809.00 ,0.00 ,2.00 ,1.00 ,39.00 ,0.00 ,0.00 ,13.00 ,2.00 
810.00 ,1.00 ,1.00 ,0.00 ,33.00 ,1.00 ,0.00 ,53.10 ,2.00 
811.00 ,0.00 ,3.00 ,1.00 ,26.00 ,0.00 ,0.00 ,7.89 ,2.00 
812.00 ,0.00 ,3.00 ,1.00 ,39.00 ,0.00 ,0.00 ,24.15 ,2.00 
813.00 ,0.00 ,2.00 ,1.00 ,35.00 ,0.00 ,0.00 ,10.50 ,2.00 
814.00 ,0.00 ,3.00 ,0.00 ,6.00 ,4.00 ,2.00 ,31.28 ,2.00 
815.00 ,0.00 ,3.00 ,1.00 ,30.50 ,0.00 ,0.00 ,8.05 ,2.00 
816.00 ,0.00 ,1.00 ,1.00 ,,0.00 ,0.00 ,0.00 ,2.00 
817.00 ,0.00 ,3.00 ,0.00 ,23.00 ,0.00 ,0.00 ,7.93 ,2.00 
818.00 ,0.00 ,2.00 ,1.00 ,31.00 ,1.00 ,1.00 ,37.00 ,0.00 
819.00 ,0.00 ,3.00 ,1.00 ,43.00 ,0.00 ,0.00 ,6.45 ,2.00 
820.00 ,0.00 ,3.00 ,1.00 ,10.00 ,3.00 ,2.00 ,27.90 ,2.00 
821.00 ,1.00 ,1.00 ,0.00 ,52.00 ,1.00 ,1.00 ,93.50 ,2.00 
822.00 ,1.00 ,3.00 ,1.00 ,27.00 ,0.00 ,0.00 ,8.66 ,2.00 
823.00 ,0.00 ,1.00 ,1.00 ,38.00 ,0.00 ,0.00 ,0.00 ,2.00 
824.00 ,1.00 ,3.00 ,0.00 ,27.00 ,0.00 ,1.00 ,12.48 ,2.00 
825.00 ,0.00 ,3.00 ,1.00 ,2.00 ,4.00 ,1.00 ,39.69 ,2.00 
826.00 ,0.00 ,3.00 ,1.00 ,,0.00 ,0.00 ,6.95 ,1.00 
827.00 ,0.00 ,3.00 ,1.00 ,,0.00 ,0.00 ,56.50 ,2.00 
828.00 ,1.00 ,2.00 ,1.00 ,1.00 ,0.00 ,2.00 ,37.00 ,0.00 
829.00 ,1.00 ,3.00 ,1.00 ,,0.00 ,0.00 ,7.75 ,1.00 
830.00 ,1.00 ,1.00 ,0.00 ,62.00 ,0.00 ,0.00 ,80.00 ,
831.00 ,1.00 ,3.00 ,0.00 ,15.00 ,1.00 ,0.00 ,14.45 ,0.00 
832.00 ,1.00 ,2.00 ,1.00 ,0.83 ,1.00 ,1.00 ,18.75 ,2.00 
833.00 ,0.00 ,3.00 ,1.00 ,,0.00 ,0.00 ,7.23 ,0.00 
834.00 ,0.00 ,3.00 ,1.00 ,23.00 ,0.00 ,0.00 ,7.85 ,2.00 
835.00 ,0.00 ,3.00 ,1.00 ,18.00 ,0.00 ,0.00 ,8.30 ,2.00 
836.00 ,1.00 ,1.00 ,0.00 ,39.00 ,1.00 ,1.00 ,83.16 ,0.00 
837.00 ,0.00 ,3.00 ,1.00 ,21.00 ,0.00 ,0.00 ,8.66 ,2.00 
838.00 ,0.00 ,3.00 ,1.00 ,,0.00 ,0.00 ,8.05 ,2.00 
839.00 ,1.00 ,3.00 ,1.00 ,32.00 ,0.00 ,0.00 ,56.50 ,2.00 
840.00 ,1.00 ,1.00 ,1.00 ,,0.00 ,0.00 ,29.70 ,0.00 
841.00 ,0.00 ,3.00 ,1.00 ,20.00 ,0.00 ,0.00 ,7.93 ,2.00 
842.00 ,0.00 ,2.00 ,1.00 ,16.00 ,0.00 ,0.00 ,10.50 ,2.00 
843.00 ,1.00 ,1.00 ,0.00 ,30.00 ,0.00 ,0.00 ,31.00 ,0.00 
844.00 ,0.00 ,3.00 ,1.00 ,34.50 ,0.00 ,0.00 ,6.44 ,0.00 
845.00 ,0.00 ,3.00 ,1.00 ,17.00 ,0.00 ,0.00 ,8.66 ,2.00 
846.00 ,0.00 ,3.00 ,1.00 ,42.00 ,0.00 ,0.00 ,7.55 ,2.00 
847.00 ,0.00 ,3.00 ,1.00 ,,8.00 ,2.00 ,69.55 ,2.00 
848.00 ,0.00 ,3.00 ,1.00 ,35.00 ,0.00 ,0.00 ,7.90 ,0.00 
849.00 ,0.00 ,2.00 ,1.00 ,28.00 ,0.00 ,1.00 ,33.00 ,2.00 
850.00 ,1.00 ,1.00 ,0.00 ,,1.00 ,0.00 ,89.10 ,0.00 
851.00 ,0.00 ,3.00 ,1.00 ,4.00 ,4.00 ,2.00 ,31.28 ,2.00 
852.00 ,0.00 ,3.00 ,1.00 ,74.00 ,0.00 ,0.00 ,7.78 ,2.00 
853.00 ,0.00 ,3.00 ,0.00 ,9.00 ,1.00 ,1.00 ,15.25 ,0.00 
854.00 ,1.00 ,1.00 ,0.00 ,16.00 ,0.00 ,1.00 ,39.40 ,2.00 
855.00 ,0.00 ,2.00 ,0.00 ,44.00 ,1.00 ,0.00 ,26.00 ,2.00 
856.00 ,1.00 ,3.00 ,0.00 ,18.00 ,0.00 ,1.00 ,9.35 ,2.00 
857.00 ,1.00 ,1.00 ,0.00 ,45.00 ,1.00 ,1.00 ,164.87 ,2.00 
858.00 ,1.00 ,1.00 ,1.00 ,51.00 ,0.00 ,0.00 ,26.55 ,2.00 
859.00 ,1.00 ,3.00 ,0.00 ,24.00 ,0.00 ,3.00 ,19.26 ,0.00 
860.00 ,0.00 ,3.00 ,1.00 ,,0.00 ,0.00 ,7.23 ,0.00 
861.00 ,0.00 ,3.00 ,1.00 ,41.00 ,2.00 ,0.00 ,14.11 ,2.00 
862.00 ,0.00 ,2.00 ,1.00 ,21.00 ,1.00 ,0.00 ,11.50 ,2.00 
863.00 ,1.00 ,1.00 ,0.00 ,48.00 ,0.00 ,0.00 ,25.93 ,2.00 
864.00 ,0.00 ,3.00 ,0.00 ,,8.00 ,2.00 ,69.55 ,2.00 
865.00 ,0.00 ,2.00 ,1.00 ,24.00 ,0.00 ,0.00 ,13.00 ,2.00 
866.00 ,1.00 ,2.00 ,0.00 ,42.00 ,0.00 ,0.00 ,13.00 ,2.00 
867.00 ,1.00 ,2.00 ,0.00 ,27.00 ,1.00 ,0.00 ,13.86 ,0.00 
868.00 ,0.00 ,1.00 ,1.00 ,31.00 ,0.00 ,0.00 ,50.50 ,2.00 
869.00 ,0.00 ,3.00 ,1.00 ,,0.00 ,0.00 ,9.50 ,2.00 
870.00 ,1.00 ,3.00 ,1.00 ,4.00 ,1.00 ,1.00 ,11.13 ,2.00 
871.00 ,0.00 ,3.00 ,1.00 ,26.00 ,0.00 ,0.00 ,7.90 ,2.00 
872.00 ,1.00 ,1.00 ,0.00 ,47.00 ,1.00 ,1.00 ,52.55 ,2.00 
873.00 ,0.00 ,1.00 ,1.00 ,33.00 ,0.00 ,0.00 ,5.00 ,2.00 
874.00 ,0.00 ,3.00 ,1.00 ,47.00 ,0.00 ,0.00 ,9.00 ,2.00 
875.00 ,1.00 ,2.00 ,0.00 ,28.00 ,1.00 ,0.00 ,24.00 ,0.00 
876.00 ,1.00 ,3.00 ,0.00 ,15.00 ,0.00 ,0.00 ,7.23 ,0.00 
877.00 ,0.00 ,3.00 ,1.00 ,20.00 ,0.00 ,0.00 ,9.85 ,2.00 
878.00 ,0.00 ,3.00 ,1.00 ,19.00 ,0.00 ,0.00 ,7.90 ,2.00 
879.00 ,0.00 ,3.00 ,1.00 ,,0.00 ,0.00 ,7.90 ,2.00 
880.00 ,1.00 ,1.00 ,0.00 ,56.00 ,0.00 ,1.00 ,83.16 ,0.00 
881.00 ,1.00 ,2.00 ,0.00 ,25.00 ,0.00 ,1.00 ,26.00 ,2.00 
882.00 ,0.00 ,3.00 ,1.00 ,33.00 ,0.00 ,0.00 ,7.90 ,2.00 
883.00 ,0.00 ,3.00 ,0.00 ,22.00 ,0.00 ,0.00 ,10.52 ,2.00 
884.00 ,0.00 ,2.00 ,1.00 ,28.00 ,0.00 ,0.00 ,10.50 ,2.00 
885.00 ,0.00 ,3.00 ,1.00 ,25.00 ,0.00 ,0.00 ,7.05 ,2.00 
886.00 ,0.00 ,3.00 ,0.00 ,39.00 ,0.00 ,5.00 ,29.13 ,1.00 
887.00 ,0.00 ,2.00 ,1.00 ,27.00 ,0.00 ,0.00 ,13.00 ,2.00 
888.00 ,1.00 ,1.00 ,0.00 ,19.00 ,0.00 ,0.00 ,30.00 ,2.00 
889.00 ,0.00 ,3.00 ,0.00 ,,1.00 ,2.00 ,23.45 ,2.00 
890.00 ,1.00 ,1.00 ,1.00 ,26.00 ,0.00 ,0.00 ,30.00 ,0.00 
891.00 ,0.00 ,3.00 ,1.00 ,32.00 ,0.00 ,0.00 ,7.75 ,1.00 
